"Auto-Rig Pro FBX (.fbx)","Auto-Rig Pro FBX (.fbx)"
"Auto-Rig Pro GLTF (.glb/.gltf)","Auto-Rig Pro GLTF (.glb/.gltf)"
"解锁/锁定使用 Quick Rig 生成的保留装备。\n解锁可能不安全，使用时风险自负，但对于小调整很有用","Unlock/Lock the Preserved rig generated with Quick Rig.\nUnlocking may not be safe, use it at your own risks, but can be useful for small tweaks"
"切换锁定装置","toggle_lock_rig"
"通过定义眼睑的边界来改善眼睑的皮肤。\n选择眼睑周围的顶点循环，然后单击此按钮。如果未自动选择循环（按住 Alt 键单击），则顶点选择顺序很重要","Improves eyelids skinning by defining their borders.\nSelect the vertices loop around the eyelids, then click this button. If the loop is not selected automatically (alt-click), the vertex selection order matters"
"设置眼睑边框","set_eyelids_borders"
"获取选定的对象","Get the selected object"
"smart_pick_object","smart_pick_object"
"挑选","Pick"
"Lines FX","Lines FX"
"线条效果","lines_fx"
" 在弹出窗口中报告消息"," Report a message in a popup window"
"信息","Info"
"使用驱动程序为另一侧创建镜像形状键。\n形状键名称必须以侧后缀结尾，例如左侧的 .l 或 _L","Create mirorred shape keys for opposite side, with drivers.\nShape keys names must end with side suffix such as .l or _L for left"
"镜面形状键","Mirror Shape Keys"
"为当前旋转的选定变形骨骼设置矫正骨骼。\n如果选择了 1 根骨骼，则必须是手臂或腿部骨骼。\n如果选择了 2 根骨骼，可以是任意骨骼，但选定的第一根骨骼必须是旋转骨骼","Setup a corrective bone for the selected deforming bone(s) at the current rotation.\nIf 1 bone is selected, it must be an arm or leg bone.\nIf 2 bones are selected, can be any bones, the first bone selected must be the rotated bone"
"添加矫正骨骼","Add Corrective Bone"
"为选定的形状键添加驱动程序。\n必须选择网格和形状键","Add the driver for the selected shape key.\nThe mesh and the shape key must be selected"
"添加校正驱动程序","Add Corrective Driver"
"取消纠正驱动程序创建","Cancel the corrective driver creation"
"取消纠正驱动程序","Cancel Corrective Driver"
"删除所选形状键的校正驱动器，并删除辅助骨骼","Remove the corrective driver of the selected shape key, and remove the helper bones as well"
"删除纠正驱动程序","Remove Corrective Driver"
"将角色摆成预定义的姿势","Pose the character into a predefined pose"
"设置姿势","Set Pose"
"如果手臂和腿部设置为 IK，则保持它们处于 IK 模式。\n否则，请将所有转换为 FK，以实现更精确的旋转","Keep the arms and legs in IK mode if they are set to IK.\nOtherwise, convert all to FK, for more accurate rotations"
"精确旋转","Exact Rotations"
"保留 IK","Preserve IK"
"警告，UE5 Manny 需要 6 根脊椎骨","Warning, UE5 Manny requires 6 spine bones"
"可能导致脊柱旋转不正确，因为","May give incorrect spine rotation since there is "
"启用或禁用此导出操作","Enable or disable this action from export"
"切换动作保留姿势","toggle_action_preserve_pose"
"启用应用姿势时保留的所有动作","Enable all actions to preserve when apply pose"
"禁用应用姿势时要保留的所有动作","Disable all actions to preserve when apply pose"
"将当前姿势应用为静止姿势：应用骨架修改器并将参考骨骼与控制器骨骼对齐（如倒置的“匹配到装备”）\n 然后单击“匹配到装备”以完成","Apply the current pose as rest pose: apply armature modifiers and align reference bones with controller bones (like an inverted 'Match to Rig')\nClick Match to Rig afterward to complete "
"应用姿势作为休息","Apply pose as rest"
"保留动画","Preserve Anim"
"根据新的休息姿势烘焙动作，以保留动画","Bake actions based on the new rest pose, to preserve animations"
"为所有帧设置关键帧","Key All Frames"
"如果启用最佳保存，则每帧一个关键帧，否则仅关键当前关键帧","One keyframe per frame if enabled for best preservation, otherwise only key current keyframes"
"警告，一些网格是实例化的（多个用户）：","Warning, some meshes are instanced (multiple users):"
"-","- "
"在这些物体上应用静止姿势获胜","Applying the rest pose on these objects won"
"请先让他们成为单一用户。","Please make them single user first."
"是否继续？","Continue anyway?"
"全部启用","Enable All"
"禁用所有","Disable All"
"检查框_DEHLT","CHECKBOX_DEHLT"
"CHECKBOX_HLT","CHECKBOX_HLT"
"在集合和对象名称中设置角色名称","Set the character name in collections and objects names"
"设置角色名称","Set Character Name"
"显示选定肢体的参数","Show the selected limb parameters"
"肢体选项","Limb Options"
"执行时从参考骨骼加载设置，否则仅在调用 UI 面板时加载","Load settings from ref bones when executing, otherwise load only when invoking the UI panel"
"设置耳骨数量","Set the number of ear bones"
"设置颈部骨骼数量","Set the number of neck bones"
"添加颈部扭曲骨骼","Add neck twist bones"
"如果大于 1，则对颈骨使用弯曲骨骼软变形","Use bendy bones soft deformations for the neck bone if greater than 1"
"添加 3 块头骨，使嘴巴、眼睛和头顶区域变形","Add 3 skull bones to deform the mouth, eyes and head top areas"
"面部控制器（嘴巴、眼睛、眼睑......）","Facial controllers (mouth, eyes, eyelids...)"
"启用左眉毛控制器","Enable the left eyebrow controllers"
"启用右眉毛控制器","Enable the right eyebrow controllers"
"移动主控制器时，眉骨会以柔和的方式移动","Eyebrow bones will move in a soft style when moving the main controller"
"-1 = 非常弯曲的插值，0 = 弯曲，1 = 线性\n在 Y 轴（上下）移动主控制器时应用于眉骨","-1 = Very curved interpolation, 0 = Curved, 1 = Linear\nApplied to eyebrow bones when moving the main controller on Y axis (up-down)"
"滑块可调整柔和效果的全局影响。\n0 = 柔和，1 = 刚性","Slider to adjust the global influence of the soft effect.\n0 = Soft, 1 = Rigid"
"在眉毛根部和眉尾处添加眉毛主控制器","Add eyebrow master controllers at the root and tip"
"启用左眼控制器","Enable the left eye controllers"
"启用右眼控制器","Enable the right eye controllers"
"眼睛目标控制器与头部的距离","Eye target controllers distance from the head"
"控制器调整上下眼睑表面曲率","Controller to adjust the upper and lower eyelid surface curvature"
"每只上/下眼睑的眼睑骨数量\n例如 3 = 3 只上眼睑，3 只下眼睑","Number of eyelid bones per upper/lower eyelids\nE.g 3 = 3 upper eyelids, 3 lower eyelids"
"如果启用，则在数量发生变化时对齐所有眼睑骨骼。\n否则，仅对齐新骨骼","If enabled, align all eyelid bones if the amount was changed.\nOtherwise, only new bones are aligned"
"与装备匹配时对齐 c_eyelid 骨骼旋转","Align the c_eyelid bones rotation when Match to Rig"
"移动眼睑控制器时调整眼睑旋转速度的因素","Factor to adjust the eyelid rotation speed when moving the eyelid controller"
"每 N 个眼睑添加一个眼睑主控制器。\n例如 1 = 无主控制器。3 = 每 3 个眼睑骨骼添加一个主控制器\n在眼睑骨骼较多的情况下，有助于简化眼睑操作","Add eyelid master controllers every Nth eyelid.\nE.g. 1 = No masters. 3 = masters every 3 eyelid bones\nUseful to ease the eyelid manipulation in case of numerous eyelid bones"
"0 = 使用主控拖动眼睑骨骼时进行曲线插值，1 = 线性","0 = curved interpolation when dragging eyelid bones with masters, 1 = linear"
"与装备匹配时对齐 c_skull 骨骼","Align the c_skull bones when Match to Rig"
"解锁下颌 Y 型定位","Unlock Jaw Y Loc"
"如果启用，下颌 Y 轴位置将解锁并可移动","If enabled, the jaw Y axis location will be unlocked and movable"
"唇部数量","Lips Amount"
"每四分之一边的唇骨数量（不包括中间和角骨）","Number of lips bones per quarter side, excluding middle and corner bones"
"嘴唇大师频率","Lips Masters Frequency"
"每 N 个骨骼添加一个唇部主骨骼。\n如果设置为 1：无主骨骼，最小值为 2","Add a lip master bone every Nth bone.\nIf set to 1: no masters, minimum is 2"
"唇形大师线性","Lips Masters Linear"
"0 = 使用母版拖动嘴唇骨骼时进行曲线插值，1 = 线性","0 = curved interpolation when dragging lips bones with masters, 1 = linear"
"唇部滚动约束","Lips Roll Constraints"
"添加嘴唇滚动约束，这样当移动滚动控制器时嘴唇会自动旋转\n禁用它意味着使用形状键，或者根本不需要嘴唇滚动","Add lips roll constraints, so that lips automatically rotate when moving roll controllers\nDisabling it implies to use shape keys instead, or no need for lips roll at all"
"唇部滚动速度","Lips Roll Speed"
"移动控制器时调整滚动运动速度的因素","Factor to adjust the speed of the roll motion when moving the controller"
"钳口速度计","Jaw Speed Fac"
"移动钳口控制器时调整钳口旋转速度的因素","Factor to adjust the jaw rotation speed when moving the jaw controller"
"-1 = 非常弯曲的插值，0 = 弯曲，1 = 线性\n在 Y 轴（上下）上移动嘴角时应用于唇骨","-1 = Very curved interpolation, 0 = Curved, 1 = Linear\nApplied to lips bones when moving the lips corners on Y axis (up-down)"
"-1 = 非常弯曲的插值，0 = 弯曲，1 = 线性\n在 Z 轴（侧面）上移动嘴角时应用于唇骨","-1 = Very curved interpolation, 0 = Curved, 1 = Linear\nApplied to lips bones when moving the lips corners on Z axis (side)"
"-1 = 额外曲线插值，0 = 曲线，1 = 线性，在移动下颌时应用于其他唇骨","-1 = extra curved interpolation, 0 = curved, 1 = linear, applied to other lip bones when moving the jaw"
"将柔和嘴唇效果限制在嘴角（Corners）附近的指定范围内。\n例如：如果设置为 4，则只有嘴角附近的 4 块嘴唇骨骼会柔和变形。\n0 = 无限制","Limit the Soft Lips effect to a specified range near the lips corners (Corners).\nE.g: If set to 4, only the 4 lips bones near the corners will deform softly.\n0 = no limits"
"将柔和嘴唇效果限制在嘴角（下颌）附近的特定范围内。\n例如：如果设置为 4，则只有嘴角附近的 4 块唇骨会柔和变形。\n0 = 无限制","Limit the Soft Lips effect to a specified range near the lips corners (Jaw).\nE.g: If set to 4, only the 4 lips bones near the corners will deform softly.\n0 = no limits"
"更新嘴唇变换","Update Lips Transforms"
"强制更新现有嘴唇变换、网格对齐。\n 添加的新骨骼将始终与网格对齐","Force update of existing lips transforms, grid alignment.\nNew bones added will always be grid-aligned"
"嘴唇骨骼将模拟张开下巴和移动嘴角时的弹性","Lips bones will simulate elasticity when opening the jaw, and moving lips corners"
"柔软嘴唇的效果仅仅是视觉上的，它赢了","The Soft Lips effect will be only visual, it won"
"如果启用，当下颌抬起时，上唇将与下唇相撞","The upper lips will collide with the lower lips when the jaw is raising, if enabled"
"下唇与上唇碰撞的偏移距离","Offset distance at which the lower lips will collide with the upper lips"
"添加嘴唇偏移控制器，一次性移动所有嘴唇骨骼","Add a lips offset controller to shift all lips bones at once"
"使用旋转而不是位置来张开下颌","Use rotation instead of location to open the jaw"
"分离下颌位置（移动下颌控制器时可以移动枢轴点）","Separate the jaw location (the pivot point can be moved when moving the jaw controller)"
"启用嘴部控制器","Enable the mouth controllers"
"启用牙齿控制器","Enable the teeth controllers"
"启用舌头控制器","Enable the tongue controllers"
"启用下巴控制器","Enable the chin controllers"
"启用鼻子控制器","Enable the nose controllers"
"启用颧骨","Enable cheek bones"
"为手指添加 IK 控制，带有 IK-FK 开关和捕捉设置","Add IK controls for fingers, with IK-FK switch and snap settings"
"手指 IK 目标（指尖）默认形状","Fingers IK target (tip) default shape"
"颜色","Color"
"IK 控制器的颜色（提示）","Color of IK controllers (tip)"
"手指 IK 目标（根）默认形状","Fingers IK target (root) default shape"
"IK（根）控制器的颜色","Color of IK (root) controllers"
"IK 目标父骨骼。\n也可以通过添加更多 ChildOf 约束进行用户定义","IK target parent bone.\nCan also be user-defined by adding more ChildOf constraints"
"IK极父骨","IK pole parent bone"
"手指 IK 极默认形状","Fingers IK pole default shape"
"IK 极控制器的颜色","Color of IK pole controllers"
"IK极与手指的距离","IK pole distance from fingers"
"IK 极距肘部的距离","IK Pole distance from the elbow"
"每根骨骼（手臂、前臂）的扭曲骨骼数量。\n如果辅助控制器是弯曲骨骼，则禁用","Number of twist bones per bone (arm, forearm).\nDisabled if secondary controllers are Bendy Bones"
"如果为 true，则弯曲骨骼的 Ease Out 属性由辅助控制器驱动","The Ease Out property of the bendy-bones is driven by secondary controllers if true"
"在 FK 模式中添加 Arm Lock 设置，以切换手臂父空间","Add an Arm Lock setting in FK mode to switch the arm parent space"
"臂 IK-FK 默认开关值","Arm IK-FK default switch value"
"IK-FK 默认","IK-FK Default"
"软 IK","Soft IK"
"启用软 IK 链以获得更平滑的结果，避免肘部典型的 IK 弹出效果\n警告，即使未应用拉伸也会导致轻微拉伸","Enables Soft IK chains for smoother results, to avoid typical IK pop effect of the elbow\nWarning, leads to slight stretch even when there is no stretch applied"
"自动 IK 滚动","Auto IK Roll"
"自动对齐 IK 骨骼轴，以实现连贯的旋转轴和完美排列的 IK 极","Automatically align IK bones axes for coherent rotation axes and perfectly lined up IK pole"
"手臂半骨","Arm Half Bones"
"添加肘部和手腕骨骼以达到最佳体积保存效果","Add elbow and wrist bones for optimal volume preservation"
"肘部半骨","Elbow Half Bones"
"添加肘部半骨，以在肘部外部区域实现最佳体积保存","Add elbow half bones for optimal volume preservation in the elbow outter area"
"添加肘部半骨，以在肘部内侧区域保持最佳体积","Add elbow half bones for optimal volume preservation in the elbow inner area"
"腕骨","Wrist Half Bones"
"添加腕骨，以在腕部外部区域实现最佳体积保存","Add wrist half bones for optimal volume preservation in the wrist outter area"
"添加半腕骨，以在腕部内侧区域实现最佳体积保存","Add wrist half bones for optimal volume preservation in the wrist inner area"
"关注次要","Follow Secondaries"
"如果启用，风扇骨骼将跟随辅助控制器，并且如果辅助控制器 = 扭曲","The fan bones will follow secondary controllers if enabled, and if Secondary Controllers = Twist"
"添加额外的 IK 手偏移控制器","Add an additional IK hand offset controller"
"启用羽毛骨","Enable feather bones"
"手臂骨骼上的羽毛数量","Number of feathers along the arm bone"
"前臂骨上的羽毛数量","Number of feathers along the forearm bone"
"手骨上的羽毛数量","Number of feathers along the hand bone"
"如果有多个羽毛相互叠放，则每根羽毛的骨骼层数","Number of bones layer, per feather, in case of multiple feathers on top of each other"
"每根羽毛的骨头数量，以使羽毛弯曲","Number of bones per feather in order to curve the feather"
"单击“确定”按钮（网格对齐）时更新现有的参考羽毛骨骼变换。\n如果禁用，则现有羽毛将获胜","Update existing reference feather bones transforms when clicking the OK button (grid align).\nIf disabled, existing feathers won"
"父羽毛层。如果禁用，羽毛层将独立移动。","Parent feathers layers. If disabled, feather layers move independently."
"添加一个控制器，通过缩放来折叠手臂和羽毛。\n需要包含以下内容的操作","Add a controller to fold the arms and feathers by scaling it.\nRequires an action containing "
"腿部有 3 根骨骼，而不是 2 根，在根部添加一根骨骼。\nIK 链中可以使用 2 根或 3 根骨骼，使用","3 bones leg instead of 2, one bone is added at the root.\n2 or 3 bones can be used in the IK chain,  using the "
"类型 1 是前 3 个骨骼腿部实现，链顶部有一个 IK 控制器。\n类型 2 是最新实现，小腿骨骼有一个 IK 控制器","Type 1 is the first 3 bones leg implementation, with an IK controller at the top of the chain.\nType 2 is the latest implementation, with an IK controller for the calf bone"
"IK 调整控制器","IK Tweak Controller"
"定义 IK 极点位置的高度","Defines the height of the IK pole position"
"除默认 FK 之外，还添加 IK 控制器","Add IK controllers in addition to default FK"
"设置脚趾 IK 极点位置与脚趾之间的距离","Distance setting the toes IK pole positions away from the toes"
"脚趾IK-FK默认开关值","Toes IK-FK default switch value"
"脚趾 IK 目标将跟随跖骨\n旋转 c_foot_01 时可能会导致问题","The toes IK target will follow the metatarsal bones\nCan lead to issues when rotating c_foot_01"
"添加跖骨。如果启用 IK-FK，则始终启用","Add metatarsal bones. Always enabled if IK-FK is enabled"
"将脚趾作为脚的父级，而不是默认的全局脚趾骨骼。\n可能对 IK 脚趾有用","Parent toes to foot, instead of the default global toe bone.\nMaybe useful with IK toes"
"添加一个控制器，从脚趾枢轴点旋转 IK 脚","Add a controller to rotate the IK foot from the toes pivot point"
"添加 IK 偏移控制器，提供另一层控制","Add an IK offset controller, offering another layer of control"
"IK 极点与膝盖的距离","IK Pole distance from the knee"
"每根骨骼（大腿、小腿）的扭曲骨骼数量。\n如果辅助控制器是 Bendy Bones，则禁用","Number of twist bones per bone (thigh, leg).\nDisabled if secondary controllers are Bendy Bones"
"距离","Distance of the "
"foot_roll_cursor 运动的速度/因子","Speed/factor for the foot_roll_cursor motion"
"LEG IK-FK默认开关值","LEG IK-FK default switch value"
"启用软 IK 链以获得更平滑的结果，避免膝盖的典型 IK 弹出效果\n警告，即使没有应用拉伸也会导致轻微拉伸","Enables Soft IK chains for smoother results, to avoid typical IK pop effect of the knee\nWarning, leads to slight stretch even when there is no stretch applied"
"在 FK 模式中添加大腿锁定设置，以切换腿部父空间","Add a Thigh Lock setting in FK mode to switch the leg parent space"
"腿半骨","Leg Half Bones"
"添加膝盖骨以达到最佳体积保存效果","Add knee bones for optimal volume preservation"
"大腿肉半块带骨","Thigh Half Bones In"
"添加大腿半骨，以最佳地保存腹股沟区域的体积","Add thigh half bones for optimal volume preservation in the groin area"
"大腿骨去掉一半","Thigh Half Bones Out"
"添加大腿半骨，以最大程度地保留臀部区域的体积","Add thigh half bones for optimal volume preservation in the buttock area"
"膝盖半骨突出","Knee Half Bones Out"
"添加膝盖半骨，以在膝盖外侧区域实现最佳体积保存","Add knee half bones for optimal volume preservation in the knee outter area"
"膝盖半骨","Knee Half Bones In"
"添加膝盖半骨，以最大程度地保留膝盖内侧区域的体积","Add knee half bones for optimal volume preservation in the knee inner area"
"添加底部控制器","Add bottom controllers"
"Match to Rig 时对齐 c_root_master 骨骼，否则让它手动调整","Align the c_root_master bone when Match to Rig, otherwise let it be for manual adjustment"
"添加脊柱主控制器，同时旋转和移动所有脊柱骨骼","Add a spine master controller to rotate and move all spine bones at once"
"Spine 主约束空间","Spine Master Constraints Space"
"脊柱主约束使用的空间设置","Space setting used by the spine master constraints"
"移动脊柱主控时添加自动拉伸和挤压","Add automatic stretch and squash when moving the spine master"
"IK 样条线肢体的类型","Type of the IK Spline limb"
"IK 样条线类型","IK Spline Type"
"骨骼数量","Number of bones"
"每 N 个骨骼添加一个样条主控制器","Add a spline master controller every Nth bone"
"主控制器之间的样条顶点的权重插值类型","Type of weight interpolation for spline vertices in-between master controllers"
"插值类型","Interpolation Type"
"每根骨骼的弯曲骨骼数量，可获得更平滑的效果。\n注意：弯曲骨骼不符合出口要求，出口时请将其保留为 0","Number of bendy bones per bone for a smoother result.\nNote: Bendy-Bones are not export compliant, keep it to 0 for export"
"骨骼范围","Bone range"
"曲线平滑度。如果曲线形状太平滑，请减小此值","Curve smoothness. Decrease this value if the curve shape is too smooth"
"链中主控制器的父级","Parent of the master controllers of the chain"
"家长大师","Parent Master"
"链中最后一个控制器的父级","Parent of the last controller of the chain"
"父级最后","Parent Last"
"链的 c_spline_tip 控制器的父级","Parent of c_spline_tip controller of the chain"
"父级 主级 末级","Parent Master Last"
"如果另一个肢体与最后一个样条线参考骨骼关联，则在匹配到装备后将其关联到以下肢体","If another limb is parented to the last spline ref bone, then parent it to the following after Match to Rig"
"边","Side"
"样条线 IK 肢体的一侧：左、右或中","Side of the spline IK limb: left, right or middle"
"样条骨骼名称","Spline bones names"
"启用或禁用蒙皮影响。当在其上手动创建额外的控制器时，禁用可能会很有用","Enable or disable skinning influence. Disabling may be useful when creating manually extra controllers on top of it"
"单击“确定”按钮时更新参考骨骼变换。\n如果骨骼数量发生变化，则变换始终会更新","Update reference bones transforms when clicking the OK button.\nIf the bone count has changed, transforms are always updated"
"添加 FK 链，带有 IK-FK 开关","Add an FK chain too, with and IK-FK switch"
"每 N 个骨骼添加一个 FK 主控制器。\n1 = 无主控制器","Add an FK master controller every Nth bone.\n1 = No masters"
"保持 FK 和 IK 主控的数量相同，以实现正确的 IK-FK 捕捉","Keep the count of FK and IK masters identical, for correct IK-FK snap"
"FK 主同步","FK masters sync"
"自动重命名由此骨架变形的网格顶点组","Rename automatically the vertex groups of meshes deformed by this armature"
"添加扭曲骨骼，当给定的目标骨骼扭曲时，该骨骼会自动扭曲。\n适用于长脖子或类似的四肢","Add twist bones, that twist automatically when the given target bone is twisting.\nUseful for long necks or similar limbs"
"用作扭曲目标的骨骼。如果未设置有效骨骼，则扭曲将自动关闭\n（对于长脖子，即头部骨骼）","Bone used as a twisting target. Twist will be turned off automatically if no valid bone is set\n(In case of a long neck, that is the head bone)"
"扭曲目标骨骼，用作扭曲其他样条骨骼的参考","The twist target bone that is used as reference to twist other spline bones"
"弯曲骨骼数量","Number of bendy-bones"
"每根骨骼的弯曲骨骼段数","Number of bendy-bones segments per bone"
"弯曲骨骼肢体的一侧：左侧、右侧或中间","Side of the bendy-bones limb: left, right or middle"
"弯曲的骨头名称","Bendy bones name"
"控制器形状的尺寸","Size of the controller shapes"
"根部主控制器","Master Controller at Root"
"将尾部主控制器定位在根部（第一根骨骼）","Position the tail master controller at the root (first bone)"
"尾数","Tail Count"
"尾骨数量","Number of tail bones"
"尾肢所在侧：左、右或中","Side of the tail limb: left, right or middle"
"更新变换","Update Transforms"
"更新骨骼变换（线性对齐）。如果尾部数量发生变化，则自动启用","Update bones transforms (aligned linearly). Enabled automatically if the tail count changed"
"弯曲骨头计数","Bendy Bones Count"
"设置弯曲骨骼数量。\n如果设置为 1，则无弯曲骨骼。导出到游戏引擎时将其保持为 1。","Set bendy-bones count.\nNo bendy-bones if set to 1. Keep it to 1 when exporting to game engines."
"跳过重置为默认设置的参数，在通过操作员或其他方式设置肢体时很有用","Parameter to skip reset to default settings, useful when setting limbs from operators or other means"
"每侧苏格兰裙数量","Kilt Count per Side"
"左右两侧圆形骨骼的数量。\n（总数 = 数量 x 2）","Number of circular bones per left and right side.\n(Total = Count x 2)"
"苏格兰短裙骨头的名称","Name for the kilt bones"
"腿（左）","Leg (left)"
"左大腿骨","Left thigh bone"
"腿（右）","Leg (right)"
"右大腿骨","Right thigh bone"
"与腿碰撞","Collide with Legs"
"通过添加高级约束和驱动程序来模拟与腿骨的碰撞","Simulate collisions with leg bones by adding advanced constraints and drivers"
"碰撞偏移","Collide Offset"
"碰撞时增加偏移量，通过时增加偏移量","Additional offset when colliding, increase if passing through"
"交互式碰撞偏移","Interactive Collision Offset"
"允许交互式修改碰撞距离，以便于调整，但可能会消耗更多的性能","Allow interactive modification of the collision distance for easier tweaking, but can be more performance consuming"
"细分","Subdiv"
"每列细分数","Number of subdivisions per column"
"细分参考骨骼","Subdivide Reference Bones"
"如果启用，参考骨骼也会被细分\n否则，每列只有一个参考骨骼","If enabled, reference bones are subdivided too\nOtherwise, only a single reference bone per column"
"Z 轴碰撞","Collide on Z"
"在 Z 轴上发生碰撞，有助于实现高角度旋转","Collide on Z axis too, can help with high degrees of rotation"
"保留形状","Preserve Shape"
"如果启用，则在计数值改变时保留现有参考骨骼形成的形状。\n否则，将骨骼对齐成完美的圆形","If enabled, preserve the shape formed by the existing reference bones, when the Count value is changed.\nOtherwise, align the bones in a perfect circle shape"
"苏格兰短裙大师","Kilt Masters"
"添加可以轻柔拖动其他控制器的主控制器","Add masters controllers that will drag other controllers softly"
"苏格兰短裙大师频率","Kilt Masters Frequency"
"每 N 个骨骼（列）添加主控制器","Add master controllers every Nth bone (columns)"
"苏格兰短裙大师 (行)","Kilt Masters (row)"
"为每行/分区添加圆形主控制器","Add circular master controllers for each row/subdivision"
"基本控制器形状应显示在哪里","Where the base controllers shape should be displayed"
"控制器形状比例","Controller shape scale"
"控制器形状应显示在哪里","Where the controllers shape should be displayed"
"样条函数","spline"
"骨头","bbones"
"苏格兰短裙","kilt"
"数数","Count"
"Spine 主控制器","Spine Master Controller"
"空间","Space"
"拉伸和挤压","Stretch and Squash"
"底部","Bottom"
"对齐根主控","Align Root Master"
"弯曲骨头计数","Bendy-Bones Count"
"扭骨","Twist Bones"
"弯曲的骨头","Bendy Bones"
"头骨","Skulls"
"对齐头骨","Align Skulls"
"面部的","Facial"
"眉毛右","Eyebrow Right"
"眉毛左","Eyebrow Left"
"眉毛大师","Eyebrow Masters"
"柔和的眉毛","Soft Eyebrows"
"线性 (Linear)","Linear"
"软硬结合","Soft-Rigid"
"右眼","Eye Right"
"左眼","Eye Left"
"眼睑调整控制器","Eyelids Tweak Controllers"
"眼睑量","Eyelids Amount"
"Eyel. Masters 频率","Eyel. Masters Freq"
"线性（硕士）","Linear (Masters)"
"眼睛目标距离","Eye Targets Distance"
"对齐眼睑","Align Eyelids"
"眼睑加速器","Eyelid Speed Fac"
"鼻子","Nose"
"脸颊","Cheeks"
"下巴","Chins"
"嘴","Mouth"
"唇部偏移控制器","Lips Offset Controller"
"高级设置已锁定：已启用 Legacy Soft Lips，","Advanced settings are locked: Legacy Soft Lips is enabled, "
"唇部大师频率","Lips Masters Freq"
"柔软的嘴唇","Soft Lips"
"线性 Y","Linear Y"
"线性 Z","Linear Z"
"限制（角落）","Limit (Corners)"
"线性（颚式）","Linear (Jaw)"
"限制（下颌）","Limit (Jaw)"
"柔软的嘴唇：仅视觉","Soft Lips: Visual Only"
"嘴唇黏糊糊","Sticky Lips"
"粘性唇部偏移","Sticky Lips Offset"
"牙齿","Teeth"
"舌头","Tongue"
"实验：","Experimental:"
"旋转下颌","Rotate Jaw"
"分离颌骨位置","Separate Jaw Location"
"FK 无锁臂","Arm FK Lock-Free"
"IK 极距离","IK Pole Distance"
"驱动骨骼缓出","Drive Bbones Ease Out"
"IK-FK 默认值：","IK-FK Default:"
"腐烂的手指来自鳞片：","Rot. Fingers from Scale:"
"拇指从刻度处脱落：","Rot. Thumb from Scale:"
"手指形状：","Fingers Shapes:"
"手指：","Fingers:"
"拇指","Thumb"
"指数","Index"
"中间","Middle"
"戒指","Ring"
"Pinky","Pinky"
"手指 IK-FK","Fingers IK-FK"
"  IK 家长：","  IK Parent:"
"  极点父母：","  Pole Parent:"
"  IK 根形状：","  IK Root Shape:"
"  IK 尖端形状：","  IK Tip Shape:"
"  杆形：","  Pole Shape:"
"  IK 极距离","  IK Pole Distance"
"独立小指底座（实验性）","Independent Pinky Base (Experimental)"
"手部 IK 偏移控制器","Hand IK Offset Controller"
"关节风扇","Joints Fans"
"肘部内收","Elbow In"
"肘部向外","Elbow Out"
"手腕收紧","Wrist In"
"手腕向外","Wrist Out"
"翅膀","Wings"
"手臂羽毛","Arm Feathers"
"前臂羽毛","Forearm Feathers"
"手部羽毛","Hand Feathers"
"羽毛细分","Feather Subdivisions"
"羽毛层","Feather Layers"
"更新现有羽毛变换","Update Existing Feathers Transforms"
"父级羽毛层","Parent Feathers Layers"
"添加机翼折叠控制器","Add Wings Fold Controller"
"大腿 FK 无锁","Thigh FK Lock-Free"
"  IK-FK 默认值：","  IK-FK Default:"
"3 骨腿","3 Bones Leg"
"IK 极高度","IK Pole Height"
"脚部 IK 偏移控制器","Foot IK Offset Controller"
"脚趾：","Toes:"
"脚趾 IK-FK","Toes IK-FK"
"IK 极点分布","IK Pole Dist"
"脚趾 IK-FK 默认","Toes IK-FK Default"
"IK 目标跟随跖骨","IK Target Follow Metatarsal"
"脚趾跖骨","Toes Metatarsal"
"脚趾父母脚","Toes Parent Foot"
"脚趾枢轴控制器","Toes Pivot Controller"
"滚动光标距离","Roll Cursor Distance"
"滚动光标系数","Roll Cursor Factor"
"大腿内侧","Thigh In"
"大腿外翻","Thigh Out"
"膝盖内收","Knee In"
"膝盖外翻","Knee Out"
"类型","Type"
"IK 样条线数量","IK Spline Count"
"控制器频率","Controllers Frequency"
"插值","Interpolation"
"捻","Twist"
"目标","Target"
"自定义 Tar","Custom Tar"
"曲线平滑度","Curve Smoothness"
"最终控制器父级：","End Controller Parent:"
"c_spline_master 父级：","c_spline_master Parent:"
"c_spline_master 提示父级：","c_spline_master Tip Parent:"
"c_spline_tip 父级：","c_spline_tip Parent:"
"将外部骨骼设为：","Parent External Bone to:"
"姓名","Name"
"请删除","Please remove "
"IK-FK链条","IK-FK Chain"
"FK 控制器频率","FK Controllers Frequency"
"FK 和 IK 控制器频率的不同值","Different values for FK and IK Controllers Frequency"
"将破坏 FK->IK 捕捉","will break FK->IK snap"
"更新顶点组名称","Update Vertex Groups Name"
"变形","Deform"
"弯曲的骨骼部分","Bendy Bones Segments"
"控制器规模","Controllers Scale"
"计数（每侧）","Count (per side)"
"全部的：","Total: "
"主控制器（列）","Master Controllers (columns)"
"掌握频率","Masters Frequency"
"细分","Subdivisions"
"主控制器（行）","Master Controllers (row)"
"交互碰撞距离","Interactive Collision Distance"
"碰撞距离","Collision Distance"
"个人控制器：","Individual Controllers:"
"头尾","Head-Tail"
"规模","Scale"
"主控制器（列）：","Master Controllers (Column):"
"此肢体无参数","This limb has no parameters"
"lips_top_follow","lips_top_follow"
"显示向后兼容选项，在匹配到装备后应用","Show backward-compatibility options, applies after Match to Rig"
"向后兼容选项：","Backward-compatibility options:"
"旧有约束","Old Constraints"
"旧式手臂-脚部对齐","Old Arms-Feet Alignment"
"旧眼矫正","Old Eyes Alignment"
"老年人足部矫正","Old Feet Alignment"
"旧软唇约束","Old Soft Lips Constraints"
"旧脊柱弯曲矫正","Old Spine Bend Alignment"
"旧式拉伸和销钉控制器对齐","Old Stretch and Pin Controllers Alignment"
"旧 IK 极点对齐","Old IK Poles Alignment"
"样条线 IK：四元数","Spline IK: Quaternions"
"将一些装备数据导出到文件中（骨骼变换约束值）","Export some rig data into file (bone transform constraints values)"
"导出数据","export_data"
"移除选择器面板","Remove the picker panel"
"移除选择器","remove_picker"
"添加选择器面板","Add the picker panel"
"添加选择器","add_picker"
"导入选择器面板","Import the picker panel"
"导入选择器","Import Picker"
"导出选择器面板","Export the picker panel"
"导出选择器","Export Picker"
"添加肌肉骨骼","Add muscles bones"
"添加肌肉","add_muscles"
"去除肌肉骨头","Remove muscles bones"
"移除肌肉","remove_muscles"
"将当前眼睑姿势设置为眨眼时的闭合姿势。\n必须选择上眼睑或下眼睑控制器，且眼睑处于闭合姿势","Set the current eyelids pose as closed pose for blinks.\nThe upper or lower eyelid controller must be selected, with eyelids in a closed pose"
"添加眨眼姿势约束","Add Blink Pose Constraints"
"介于两者之间或绝对","In Between or Def"
"rig_blink_","rig_blink_"
"主控制器（黄色框）被移动了！","Masters controllers (yellow boxes) were moved!"
"仅应移动默认控制器（圆圈）","Only the default controllers (circles) should be moved"
"设置眨眼姿势时。","when setting the Blink Pose."
"按“确定”将其重置为零，并将眼睑摆成","Press OK to reset them to zero and pose the eyelids in"
"再次眨眼姿势。","a blink pose again."
"发现多个眨眼动作，应该使用哪一个？","Multiple blink actions found, which one should be used?"
"将眨眼姿势镜像到另一侧","Mirror the blink pose to the other side"
"镜像眨眼姿势约束","Mirror Blink Pose Constraints"
"删除预定义的姿势约束","Remove the predefined pose constraints"
"移除眨眼姿势","Remove Blink Pose"
"消除：","Remove:"
"将当前手指姿势设置为拳头姿势（或伸展姿势）。\n为选定的手添加一个新的拳头控制器，通过缩放将所有手指混合成拳头姿势","Set the current fingers pose as the fist pose (or extended pose).\nAdd a new fist controller to the selected hand to blend all fingers into a fist pose by scaling it"
"添加拳头控制","add_fist_ctrl"
"拳头","rig_fist"
"发现多个拳头动作，应该使用哪一个？","Multiple fist actions found, which one should be used?"
"设置当前姿势为：","Set current pose as:"
"镜像拳头控制器并摆出另一侧的姿势","Mirror the fist controller and pose to the other side"
"镜像拳头控制","mirror_fist_ctrl"
"移除拳头控制器","Remove the fist controller"
"移除拳头控制","remove_fist_ctrl"
"镜像选定的拾取器骨骼变换","Mirror the selected picker bone(s) transforms"
"mirror_picker","mirror_picker"
"编辑选择器布局、按钮和文本位置。选择器选择将被禁用。\n单击“应用布局”以完成并再次启用选择器选择","Edit the picker layout, buttons and text position. The picker selection will be disabled.\nClick Apply Layout to complete and enable again the picker selection"
"move_picker_layout","move_picker_layout"
"捕获当前视图作为面部选择器的背景图像","Capture the current view as the facial picker background image"
"保存 .PNG","Save .PNG"
"分配颜色","Assign the colors"
"分配颜色","assign_colors"
"删除选定的 Auto-Rig Pro 骨架","Delete the selected Auto-Rig Pro armature"
"删除_arp","delete_arp"
"追加arp","append_arp"
"应用所选形状","Apply the selected shape"
"apply_shape","apply_shape"
"编辑选定的骨骼形状","Edit the selected bone shape"
"edit_custom_shape","edit_custom_shape"
"将选定的骨骼形状镜像到另一侧","Mirror the selected bone shape to the other side"
"mirror_custom_shape","mirror_custom_shape"
"导入颜色集","Import the color set"
"导入颜色","Import Colors"
"导出颜色集","Export the color set"
"导出颜色","Export Colors"
"导出装备数据（参考骨骼、自定义形状）","Export rig data (reference bones, custom shapes)"
"导出钻机数据","Export Rig Data"
"导出参考骨骼变换","Export reference bones transforms"
"导出肢体选项，包含肢体的设置","Export Limb Options, containing the settings of the limbs"
"导出骨骼自定义形状","Export bones custom shapes"
"参考骨骼变换","Reference Bones Transforms"
"自定义形状","Custom Shapes"
"导出钻机数据","Export rig data"
"导出数据","Export Data"
"导入装备数据（参考骨骼、自定义形状）","Import rig data (reference bones, custom shapes)"
"导入钻机数据","Import Rig Data"
"导入参考骨骼变换","Import reference bones transforms"
"导入肢体选项","Import Limb Options"
"仅为选定骨骼导入参考骨骼变换","Import reference bones transforms for selected bones only"
"导入骨骼自定义形状","Import bones custom shapes"
"仅选定骨骼","Selected Bones Only"
"导入钻机数据","Import rig data"
"导入数据","Import Data"
"禁用（安全移除）选定的肢体","Disable (remove safely) the selected limb"
"禁用肢体","disable_limb"
"通过删除混合文件中意外存储的所有未在任何可见集合中使用的对象来清理当前场景\n如果在装配时遇到错误，请单击它。","Clean the current scene by removing all objects stored accidentally in the blend file, that are not used in any visible collection\nClick it if you encounter errors when rigging."
"clean_scene","clean_scene"
"检查 Auto-Rig Pro 的新版本是否已发布","Check if a new Auto-Rig Pro version has been released"
"检查更新","Check for Update"
"自当前版本以来的变更","Changes since current version "
"[新增/改进]：","[New/Improved]:"
"[固定的]：","[Fixed]:"
"查看最新官方发布日志","See Latest Official Release Log"
"捐款支持更新：","Donate to support the updates:"
"购买 Ko-Fi","Buy a Ko-Fi"
"Patreon","Patreon"
"打开网络浏览器","Open web browser"
"浏览","Browse"
"将旧骨架更新至最新版本\n之后可能需要单击“匹配装备”来纠正骨骼对齐","Update old armatures to the latest version\nMay require to click 'Match to Rig' afterward to correct bones alignment"
"更新骨架","Update Armature"
"使脚和手臂的 Z 轴向上以保持一致性","Make foot and arms Z axis up for consistency"
"重要的提示！","Important Note!"
"此次更新包括以下骨骼控制器的变换变化：","This update includes transforms changes for the following bone controllers:"
"眼睑、颌骨","Eyelids, Jawbone"
"因此它将破坏这些控制器现有的姿势或动画。","Therefore it will break these controllers existing poses or animations."
"继续？","Continue?"
"选定的骨架将更新至 Auto-Rig Pro 的最新要求。","The selected armature will be updated to Auto-Rig Pro latest requirements."
"以下更新可能会破坏现有的姿势和动画，启用","The following updates can break existing poses and animations, enable "
"仅在必要时：","them only if necessary:"
"脚和手臂 Z-Up","Feet and Arms Z-Up "
"根据骨骼变换值在选定的形状键驱动曲线上添加关键帧点（0 或 1）","Add a keyframe point on the selected shape key driver curve (0 or 1) according the bone transform value"
"设置形状键驱动程序","set_shape_key_driver"
"驱动力价值","Driver Value"
"获取选定的骨骼","Get the selected bone"
"pick_bone","pick_bone"
"使用骨骼名称和骨骼变换参数为选定的形状键创建驱动程序。首先选择骨架，然后选择网格对象","Create a driver for the selected shape key using the Bone name and Bone transform parameter. Select first the armature then the mesh object"
"创建驱动程序","create_driver"
"在此活动视图中显示骨骼拾取器","Display the bone picker in this active view"
"设置_选择器_相机","set_picker_camera"
"与 Voxel Heat Diffuse Skinning 插件绑定","Bind with the Voxel Heat Diffuse Skinning addon"
"运行 VHDS","Run VHDS"
"将选定的网格绑定到装备。\n首先选择网格，然后选择骨架","Bind selected meshes to rig.\nSelect first the meshes, then the armature"
"绑定到装备","bind_to_rig"
"首先问几个问题！...","A few questions first!..."
"先问一个问题！...","A question first!..."
"网格已包含骨架修改器，绑定之前是否清除它们？","Meshes already contain armature modifiers, clear them before binding?"
"网格已包含顶点组，绑定之前将其删除吗？","Meshes already contain vertex groups, remove them before binding?"
"锁定的组或其他修改器使用的组获胜","Locked groups or groups used by other modifiers won"
"这些设置将保存为默认设置，稍后可以在插件中更改","These settings will be saved as default, can be changed later in the addon"
"优先","preferences"
"要绑定超过 75,000 个多边形，可能需要一段时间。继续吗？","More than 75.000 polygons to bind, can take a while. Continue?"
"使用 Scale Fix 重新绑定","Rebind with Scale Fix"
"由于规模较小，绑定可能部分或完全失败","Binding may have partially or totally failed, because of low scale"
"启用 Scale Fix 后再次绑定吗？","Bind again with Scale Fix enabled?"
"解除选定网格与装备的绑定","Unbind the selected meshes from the rig"
"解除绑定","unbind_to_rig"
"显示和编辑参考骨骼","Display and edit the reference bones"
"编辑参考","edit_ref"
"添加电枢特价","Add Armature Specials"
"将选定骨架保存为新预设","Save Selected Armature as New Preset"
"移除电枢预设...","Remove Armature Preset..."
" 将选定的骨架保存为新预设"," Save the selected armature as a new preset "
"保存骨架","Save Armature"
"预设目录不","The preset directory doesn"
"自定义骨架路径","Custom Armatures Path"
"骨架名称","Armature Name"
"移除电枢预设...","Remove armature preset..."
"移除电枢预设","Remove Armature Preset"
"尚未添加自定义骨架预设！","No custom armature preset added yet!"
"移除电枢预设","Remove the armature preset"
"消除","Remove"
"添加肢体特价","Add Limbs Specials"
"将选定骨骼保存为自定义肢体","Save Selected Bones as Custom Limb"
"删除自定义肢体...","Remove Custom Limb..."
"移除自定义肢体...","Remove Custom limbs..."
"移除自定义肢体","Remove Custom Limbs"
"尚未添加自定义肢体！","No Custom Limbs added yet!"
"移除自定义肢体","Remove the custom limb"
" 将选定的骨骼保存到新的肢体预设中"," Save the selected bones into a new limb preset "
"保存肢体","Save Limb"
"警告：已选择 ARP 肢体骨骼：","Warning: ARP limb bone selected: "
"目前仅完全支持自定义骨骼，不支持 ARP 肢体","Only custom bones are fully supported for now, not ARP limbs"
"肢体名称","Limb Name"
"添加肢体","Add a limb"
"添加肢体","add_limb"
" 复制选定的肢体"," Duplicate the selected limb"
"重复肢体","dupli_limb"
" 复制并镜像选定的肢体到另一侧"," Duplicate and mirror the selected limb to the opposite side"
"复制代码","dupli_limb_mirror"
"在 Init Scale 时启用或禁用动作比例补偿","Enable or disable action scale compensation when Init Scale"
"toggle_action_comp","toggle_action_comp"
"启用/禁用所有操作比例补偿","Enable/Disable all actions scale compensation"
"action_scale_comp_all","action_scale_comp_all"
"从参考骨骼生成最终装备","Generate the final rig from the reference bones"
"匹配钻机","Match to Rig"
"警告，电枢比例将设置为 1（启用初始比例），","Warning, armature scale will be set to 1 (Init Scale is enabled),"
"在当前动作中补偿比例以保留动画？","Compensate scale in current actions to preserve animation?"
"是的！","Yes!"
"发现了一些比例关键帧。","Some scale keyframes were found."
"当前操作将自动取消链接以继续","The current action will be unlinked automatically to continue"
"对齐翼骨","Align wing bones"
"对齐翅膀","align_wings"
"层","Layer "
"手臂羽毛","arm_feather_"
"前臂羽毛","forearm_feather_"
"手羽毛","hand_feather_"
"手羽大师","c_hand_feather_master"
"wings_fold_ref","wings_fold_ref"
"c_wings_fold","c_wings_fold"
"限制比例","Limit Scale"
"行动","Action"
"手臂羽毛中部目标","arm_feather_mid_target"
"手臂羽毛中部","c_arm_feather_mid"
"前臂羽毛中部目标","forearm_feather_mid_target"
"c_前臂_羽毛_中","c_forearm_feather_mid"
"手羽中目标","hand_feather_mid_target"
"手羽毛中部","c_hand_feather_mid"
"手臂羽毛","c_arm_feather_"
"c_前臂_羽毛_","c_forearm_feather_"
"手羽毛","c_hand_feather_"
"新的","new"
"大腿","c_thigh_b"
"大腿拉伸","thigh_stretch"
"手臂伸展","arm_stretch"
"根目录","c_root_master.x"
"c_spine_01.x","c_spine_01.x"
"c_spine_02.x","c_spine_02.x"
"c_spine_03.x","c_spine_03.x"
"c_spine_04.x","c_spine_04.x"
"c_spine_05.x","c_spine_05.x"
"暂无说明，留下第一条！","c_spine_06.x"
"c_颈.x","c_neck.x"
"c_head.x","c_head.x"
"c_肩膀。","c_shoulder."
"c_arm_fk。","c_arm_fk."
"c_forearm_fk。","c_forearm_fk."
"c_hand_fk。","c_hand_fk."
"c_thigh_fk。","c_thigh_fk."
"c_leg_fk。","c_leg_fk."
"c_foot_fk。","c_foot_fk."
"c_thumb1。","c_thumb1."
"c_thumb2。","c_thumb2."
"c_thumb3。","c_thumb3."
"c_索引1。","c_index1."
"c_index2。","c_index2."
"c_index3。","c_index3."
"c_中间1。","c_middle1."
"c_中间2。","c_middle2."
"c_中间3。","c_middle3."
"c_ring1。","c_ring1."
"c_ring2。","c_ring2."
"c_ring3。","c_ring3."
"c_pinky1。","c_pinky1."
"c_pinky2。","c_pinky2."
"c_pinky3。","c_pinky3."
"arp_copy_rot_matrix","arp_copy_rot_matrix"
"arp_damped_track","arp_damped_track"
"arp_damped_track_up","arp_damped_track_up"
"复制变换_POSECOPY","CopyTransforms_POSECOPY"
"子颈","subneck_"
"c_tail_00","c_tail_00"
"c_tail_","c_tail_"
"尾巴_","tail_"
"C_","c_"
"c_提示_","c_tip_"
"rig_","rig_"
"cs_grp_","cs_grp_"
"c_root_master_proxy.x","c_root_master_proxy.x"
"c_root_proxy.x","c_root_proxy.x"
"c_root_bend_proxy.x","c_root_bend_proxy.x"
"c_spine_01_proxy.x","c_spine_01_proxy.x"
"c_spine_01_弯曲_代理.x","c_spine_01_bend_proxy.x"
"c_腰部弯曲_代理.x","c_waist_bend_proxy.x"
"c_spine_02_proxy.x","c_spine_02_proxy.x"
"c_spine_02_bend_proxy.x","c_spine_02_bend_proxy.x"
"c_spine_03_proxy.x","c_spine_03_proxy.x"
"c_spine_master_proxy.x","c_spine_master_proxy.x"
"cs_solid_star","cs_solid_star"
"c_spine_","c_spine_"
"cs_solid_bar_01","cs_solid_bar_01"
"cs_固体_平面_2","cs_solid_plane_2"
"picker_screenshot","picker_screenshot"
"二头肌","biceps"
"二头肌尖","biceps_tip"
"ActionBlink_","ActionBlink_"
"手","hand"
"拳头","c_fist"
"cs_fist","cs_fist"
"脚趾拳","c_toes_fist"
"cs_用户_","cs_user_"
"复制旋转","Copy Rotation"
"复制腐烂轨迹","Copy Rot Track"
"阻尼轨道","Damped Track"
"大腿扭动","thigh_twist"
"调整大腿扭转偏移","Tweak thigh twist offset"
"手臂扭动","arm_twist"
"arm_twist_twk","arm_twist_twk"
"肩膀","shoulder"
"c_肩膀","c_shoulder"
"调整臂扭转偏移","Tweak arm twist offset"
"本地子代","Child Of_local"
"全局子项","Child Of_global"
"变量","var"
"极父级","pole_parent"
"极地父母","Pole parent"
"手指抓握","fingers_grasp"
"手指抓握（弯曲所有手指）","Fingers grasp (bend all fingers)"
"变量_001","var_001"
"自动眼睑","auto_eyelid"
"自动眼睑旋转","Automatic eyelid rotation from the eye"
"c_stretch_leg_pin_proxy.r","c_stretch_leg_pin_proxy.r"
"c_stretch_leg_pin_proxy.l","c_stretch_leg_pin_proxy.l"
"c_eye_ref.l","c_eye_ref.l"
"c_eye_ref.r","c_eye_ref.r"
"脚部.l","c_p_foot_fk.l"
"c_p_foot_fk.r","c_p_foot_fk.r"
"脚部损伤","c_p_foot_ik.l"
"cp_p_foot_ik.r","c_p_foot_ik.r"
"lips_retain","lips_retain"
"张嘴时保持嘴唇紧闭","Maintain the lips sealed when opening the jaw"
"嘴唇伸展","lips_stretch"
"启用保留时拉伸和挤压嘴唇","Stretch and squash the lips when retain is enabled"
"下巴腐烂","jaw_rot"
"拉伸值","stretch_value"
"下颌骨","jawbone"
"眼皮","eyelid"
"孩子 Of_traj","Child Of_traj"
"脊柱_","spine_"
"spline_ik_curve","spline_ik_curve"
"腿","leg "
"耳朵_","ear_"
"spine_03_ref.x","spine_03_ref.x"
"耳朵","c_ear_"
"rig_add","rig_add"
"賭場","rig"
"c_eye_offset","c_eye_offset"
"c_arm_twist","c_arm_twist"
"手臂伸展","c_arm_stretch"
"c_前臂_扭曲","c_forearm_twist"
"c_前臂_伸展","c_forearm_stretch"
"c_arm_twist_offset","c_arm_twist_offset"
"前臂扭转","forearm_twist"
"前臂伸展","forearm_stretch"
"臂扭转","c_arm_twist_"
"c_前臂_扭曲_","c_forearm_twist_"
"手臂扭动","arm_twist_"
"前臂扭转","forearm_twist_"
"大腿扭动","c_thigh_twist"
"大腿拉伸","c_thigh_stretch"
"c_leg_twist","c_leg_twist"
"c_leg_stretch","c_leg_stretch"
"腿部扭动","leg_twist"
"腿部伸展","leg_stretch"
"眼睑","eyelid_h_"
"脚跟","foot_heel_h"
"arp_full_character_voxelized","arp_full_character_voxelized"
"内部的","internal"
"复制位置","Copy Location"
"拉伸至","Stretch To"
"复制 Location_wrap","Copy Location_wrap"
"阻尼 Track_wrap","Damped Track_wrap"
"var_002","var_002"
"c_foot_ik_offset","c_foot_ik_offset"
"大腿_b_ik01","thigh_b_ik01"
"大腿_b_ik03","thigh_b_ik03"
"大腿_b_ik3","thigh_b_ik3"
"腿_ik3","leg_ik3"
"大腿_b_ik3_rev","thigh_b_ik3_rev"
"大腿_ik3_rev","thigh_ik3_rev"
"大腿_ik3","thigh_ik3"
"c_thigh_b_stretch","c_thigh_b_stretch"
"大腿","thigh_b_str"
"cs_twist_shape","cs_twist_shape"
"腿弯弯","leg_bendy"
"大腿弯曲","thigh_bendy"
"大腿_b_ik3_nostr","thigh_b_ik3_nostr"
"大腿_ik3_nostr","thigh_ik3_nostr"
"leg_ik3_nostr","leg_ik3_nostr"
"leg_ik3_tar","leg_ik3_tar"
"c_leg_ik3","c_leg_ik3"
"leg_ik3_snap","leg_ik3_snap"
"大腿","thigh_b"
"大腿","c_thigh_b_fk"
"c_stretch_thigh_b","c_stretch_thigh_b"
"腿","leg_fk_h"
"cs_曲线","cs_curve"
"cs_box","cs_box"
"将 3 根骨骼腿 IK 链锁定在此轴上","Lock the 3 bones leg IK chain on this axis"
"刚度_小腿","stiffness_calf"
"小腿骨的 IK 硬度，硬度越高，移动 IK 脚时该骨骼的灵活性就越低","IK Stiffness of the calf bone, the higher it is, the less flexible this bone is supposed to be when moving the IK foot"
"僵硬程度_大腿_b","stiffness_thigh_b"
"大腿_b 骨骼（链条的第一根骨骼）的 IK 硬度。硬度值越高，移动 IK 脚时该骨骼的灵活性就越低","IK Stiffness of the thigh_b bone, the first bone of the chain. The higher it is, the less flexible this bone is supposed to be when moving the IK foot"
"大腿_b_ik02","thigh_b_ik02"
"脚部","c_foot_ik"
"我知道","IK"
"三骨伊克","three_bones_ik"
"使用完整的 3 骨骼 IK 链","Use full 3 bones IK chain"
"信息","inf"
"转变","switch"
"复制 Location_str","Copy Location_str"
"拉伸至_IK3","Stretch To_IK3"
"复制 Scale_FK","Copy Scale_FK"
"复制 Rotation_FK","Copy Rotation_FK"
"复制比例","Copy Scale"
"复制 Rotation_IK","Copy Rotation_IK"
"复制 Scale_IK","Copy Scale_IK"
"尾部_00_ref","tail_00_ref"
"c_tail_master","c_tail_master"
"c_颈","c_neck"
"嘴唇角中间","lips_corner_middle"
"嘴唇保留角","lips_retain_corner"
"c_眼睑","c_eyelid"
"眼睛偏移参考","eye_offset_ref"
"c_eye_target","c_eye_target"
"眼睛参考目标","c_eye_ref_target"
"眉毛柔软","eyebrow_soft"
"复制 Transforms_soft","Copy Transforms_soft"
"乳房_01_ref","breast_01_ref"
"cs_半球体","cs_semi_sphere"
"cs_semi_sphere_inv","cs_semi_sphere_inv"
"腿","leg"
"腿_项目_rot_","leg_proj_rot_"
"碰撞扩散","collide_spread"
"碰撞时的衰减距离","Falloff distance when colliding"
"碰撞距离","collide_dist"
"碰撞时的距离偏移，基于骨骼","Distance offset when colliding, bone based"
"碰撞距离衰减","collide_dist_falloff"
"碰撞时衰减，因此只有旋转的腿才会真正应用碰撞距离偏移","Falloff attenuation when colliding, so that only rotated legs will actually apply the collision distance offset"
"碰撞","collide"
"启用或禁用与腿的碰撞","Enable or disable collisions with legs"
"分布","dist"
"腐烂衰减","rot_falloff"
"rot_diff","rot_diff"
"地面","Floor"
"衰减","falloff"
"科尔","col"
"锁定轨道","Locked Track"
"复制 Transforms_master.l","Copy Transforms_master.l"
"复制 Transforms_master.r","Copy Transforms_master.r"
"CopyTransforms_master.l","CopyTransforms_master.l"
"CopyTransforms_master.r","CopyTransforms_master.r"
"复制 Transforms_row_","Copy Transforms_row_"
"cs_skirt_ctrl","cs_skirt_ctrl"
"cs_skirt_tail_ctrl","cs_skirt_tail_ctrl"
"cs_skirt_mid_ctrl","cs_skirt_mid_ctrl"
"cs_skirt_mas_ctrl","cs_skirt_mas_ctrl"
"cs_skirt_mas_tail_ctrl","cs_skirt_mas_tail_ctrl"
"cs_skirt_mas_mid_ctrl","cs_skirt_mas_mid_ctrl"
"cs_torus_02","cs_torus_02"
"红色的","red"
"样条线 IK","Spline IK"
"拉伸模式","stretch_mode"
"无、骨骼原始、逆比例、体积保存","None, Bone Original, Inverse Scale, Volume Preservation"
"体积变化","volume_variation"
"高值 = 高拉伸和挤压，低值 = 无拉伸和挤压","High value = high stretch and squash, low value = no stretch and squash"
"y 尺度","y_scale"
"无、拟合曲线、骨骼原始","None, Fit Curve, Bone Original"
"长度","length"
"拉紧","stretch"
"凸","bulge"
"捻","twist"
"骨骼扭曲，沿 Y 轴旋转","Bone twist, rotation along the Y axis"
"复制变换","Copy Transforms"
"衔铁","Armature"
"复制 Transforms_IK","Copy Transforms_IK"
"复制 Transforms_FK","Copy Transforms_FK"
"ik_fk_switch","ik_fk_switch"
"IK-FK开关","IK-FK switch"
"复制 Rotation_master","Copy Rotation_master"
"当目标骨骼旋转时自动扭转旋转","Automatic twist rotation when the target bone is rotated"
"body_mid","body_mid"
"body_left","body_left"
"body_right","body_right"
"钩_","Hook_"
"tail_master_rot","tail_master_rot"
"LimitScale_SoftIK","LimitScale_SoftIK"
"cs_c_foot_ik_偏移","cs_c_foot_ik_offset"
"大腿锁","ThighLock"
"大腿锁","thigh_lock"
"锁定或释放大腿 FK 旋转","Lock or free the thigh FK rotation"
"臂锁","ArmLock"
"臂锁","arm_lock"
"锁定或释放手臂 FK 旋转","Lock or free the arm FK rotation"
"cs_c_hand_ik_offset","cs_c_hand_ik_offset"
"肘部与手臂","elbow_in_arm_"
"电枢_肘部","Armature_elbow"
"肘部腐烂","elbow_in_rot_"
"复制 Rotation_elbow","Copy Rotation_elbow"
"肘部向外伸出手臂","elbow_out_arm_"
"肘部腐烂","elbow_out_rot_"
"手腕伸出手臂","wrist_out_arm_"
"Armature_wrist","Armature_wrist"
"手腕外翻","wrist_out_rot_"
"复制 Rotation_wrist","Copy Rotation_wrist"
"手腕与手臂","wrist_in_arm_"
"手腕腐烂","wrist_in_rot_"
"大腿腐烂","thigh_in_rot_"
"复制 Transforms_thigh","Copy Transforms_thigh"
"大腿腐烂","thigh_out_rot_"
"膝盖腐烂","knee_in_rot_"
"复制 Transforms_knee","Copy Transforms_knee"
"膝盖腐烂","knee_out_rot_"
"复制代码","c_toes_pivot"
"c_toes_","c_toes_"
"复制 Rotation_toes","Copy Rotation_toes"
"复制 Rotation_auto","Copy Rotation_auto"
"显示_ik_pole","show_ik_pole"
"ik_invert_dir","ik_invert_dir"
"ik_invert_dir_offset","ik_invert_dir_offset"
"从 IK (0) 切换到 FK (1)","Switch from IK (0) to FK (1)"
"反转 IK 极向量","Invert the IK pole vector"
"如果需要，可以添加额外的偏移来调整反转的 IK 角度","Additional offset to tweak the inverted IK angle if necessary"
"显示 IK 极","Show IK Pole"
"IK_toes","IK_toes"
"脚趾的孩子","Child Of_toes"
"复制 Transforms_meta","Copy Transforms_meta"
"c_pinky1_auto","c_pinky1_auto"
"手指IK-FK开关值","Finger IK-FK switch value"
"ik_提示","ik_tip"
"如果启用，则在指尖处使用 IK 目标；如果禁用，则在指骨根部使用 IK 目标","Use IK target at the tip of the finger if enabled, or at the root of the phalange if disabled"
"手下的孩子","Child Of_hand"
"极点之子","Child Of_pole"
"Rot_IK","Rot_IK"
"Scale_IK","Scale_IK"
"var_tip","var_tip"
"ik_pole","ik_pole"
"手臂羽毛伸展","arm_feather_stretch"
"前臂羽毛拉伸","forearm_feather_stretch"
"手羽伸展","hand_feather_stretch"
"手臂羽毛目标","arm_feather_target_"
"前臂羽毛目标","forearm_feather_target_"
"手羽毛目标","hand_feather_target_"
"neck_twist_tar","neck_twist_tar"
"c_subneck_","c_subneck_"
"子颈扭曲","subneck_twist_"
"subneck_twist_tar_","subneck_twist_tar_"
"颈部腐烂","neck_master_rot"
"颈部扭曲","neck_twist"
"受所选颈部控制器自动扭转的影响，跟随头部转动","Influence of the selected neck controller automatic twist, following the head rotation"
"neck_global_twist","neck_global_twist"
"随着头部旋转，多个颈骨自动扭转的整体影响","Global influence of automatic twist of multiple neck bones, following the head rotation"
"全球的","global"
"当地的","local"
"扭曲腐烂","twist_rot"
"阻尼轨道","damped_track"
"颈部.x","neck.x"
"复制代码","c_spine_master"
"spine_stretchy","spine_stretchy"
"根引用","root_ref"
"腰部弯曲","c_waist_bend"
"cs_spine","cs_spine"
"cs_torus_01","cs_torus_01"
"脊柱拉伸体积","spine_stretch_volume"
"lips_top_01_follow","lips_top_01_follow"
"下颌腐烂后移动","MoveWithJawRot"
"转轮","Transf_Roll"
"移动唇角","MoveWithLipsCorner"
"MoveWithLipsCorner_Z","MoveWithLipsCorner_Z"
"眼睛目标","eye_target"
"让眼睛跟随目标控制器","Make the eyes follow the target controllers"
"c_lips_smile_offset","c_lips_smile_offset"
"嘴唇微笑","c_lips_smile"
"自动唇部","autolips"
"下颌移动","MoveWithJaw"
"复制RotSticky","CopyRotSticky"
"lips_sticky_follow","lips_sticky_follow"
"上唇会跟随下唇","The upper lips will follow the lower lips"
"地板X","FloorX"
"FloorPosZ","FloorPosZ"
"FloorNegZ","FloorNegZ"
"lips_top_ref","lips_top_ref"
"lips_bot_ref","lips_bot_ref"
"嘴唇微笑","lips_smile_ref"
"嘴唇","lips_"
"linear_Y","linear_Y"
"此骨骼的线性 Y 约束的额外调整值","Extra tweak value for the linear Y constraint of this bone"
"linear_Z","linear_Z"
"此骨骼的线性 Z 约束的额外调整值","Extra tweak value for the linear Z constraint of this bone"
"c_lips_","c_lips_"
"复制传输_MASTER_PRE","CopyTransf_MASTER_PRE"
"复制传输_MASTER_NXT","CopyTransf_MASTER_NXT"
"lips_offset_down","lips_offset_down"
"颌骨","jaw_base"
"移動膠唇","Transf_lips_offet"
"复制 Transforms_MASTER_ROOT","Copy Transforms_MASTER_ROOT"
"复制 Transforms_MASTER_TIP","Copy Transforms_MASTER_TIP"
"眼皮_","eyelid_"
"eyelid_twk_","eyelid_twk_"
"c_eyelid_twk_","c_eyelid_twk_"
"眼睑角01_ref","eyelid_corner_01_ref"
"眼睑角02_ref","eyelid_corner_02_ref"
"c_eyelid_","c_eyelid_"
"c_眼睑角_","c_eyelid_corner_"
"眼睑角","eyelid_corner_"
"c_eyelid_corner_02_master","c_eyelid_corner_02_master"
"钻机嘴","rig_mouth"
"rig_teeth","rig_teeth"
"钻机舌","rig_tongue"
"rig_chins","rig_chins"
"钻机鼻子","rig_noses"
"rig_eye_l","rig_eye_l"
"rig_eye_r","rig_eye_r"
"rig_eyebrow_l","rig_eyebrow_l"
"rig_eyebrow_r","rig_eyebrow_r"
"rig_cheeks","rig_cheeks"
"cs_torus_03","cs_torus_03"
"自动装备专业版","Auto-Rig Pro"
"需要更新！","UPDATE REQUIRED!"
"锁定装备","Locked rig"
"不可编辑装备","Non editable rig"
"解锁装备","Unlock Rig"
"锁定装置","Lock Rig"
"添加骨架","Add Armature"
"钻机定义：","Rig Definition:"
"飞大师","Fly Master"
"遗产...","Legacy..."
"辅助控制器：","Secondary Controllers:"
"添加肢体","Add Limb"
"显示 IK 方向","Show IK Directions"
"编辑参考骨骼","Edit Reference Bones"
"复制","Duplicate"
"双面镜","Dupli. Mirror"
"禁用","Disable"
"进口","Import"
"出口","Export"
"编辑形状...","Edit Shape..."
"应用形状","Apply Shape"
"添加肌肉","Add Muscles"
"开发者工具：","Developer tools:"
"姿势工具","Pose Tools"
"添加眨眼姿势","Add Blink Pose"
"设置姿势...","Set Pose..."
"将姿势应用为休息姿势","Apply Pose as Rest Pose"
"绑定设置","Binding Settings"
"引擎","Engine"
"分割零件","Split Parts"
"优化高分辨率","Optimize High Res"
"多边形计数阈值","Polycount Threshold"
"体素分辨率","Voxel Resolution"
"如果结果不正确，请尝试","If results are incorrect, try"
"改变","changing "
"体素热扩散蒙皮","Voxel Heat Diffuse Skinning"
"插件未安装","addon not installed"
"面部特征","Facial Features"
"眼球：","Eyeballs:"
"左眼球：","Left Eyeball:"
"眼球物体：","Eyeball Object:"
"右眼球：","Right Eyeball:"
"眼睑边界：","Eyelids Borders:"
"舌头对象：","Tongue Object:"
"牙齿对象：","Teeth Object:"
"上牙：","Upper Teeth:"
"下牙：","Lower Teeth:"
"绑定","Bind"
"仅选定顶点","Selected Vertices Only"
"应用形状键","Apply Shape Keys"
"保留音量","Preserve Volume"
"规模修复","Scale Fix"
"解除绑定","Unbind"
"形状键工具","Shape Keys Tools"
"创建驱动程序","Create Driver"
"0","0"
"1","1"
"重置","Reset"
"矫正形状：","Corrective Shapes:"
"拾取选定骨骼","Pick Selected Bone(s)"
"删除选定的驱动程序","Remove Selected Driver"
"取消","Cancel"
"镜像所有形状键","Mirror All Shape Keys"
"各种各样的","Miscellaneous"
"检查更新","Check for Updates"
"清洁场景","Clean Scene"
"选择器面板","Picker Panel"
"添加选择器","Add Picker"
"设置拾取器凸轮","Set Picker Cam"
"捕捉面部","Capture Facial"
"编辑布局...","Edit Layout..."
"应用布局","Apply Layout"
"镜子","Mirror"
"颜色主题","Color Theme"
"分配","Assign"
"钻机类型","Rig Type"
"用于定义脊柱控制器方向的装备类型","Rig type to define the spine controllers orientation"
"手指旋转","Fingers Rotation"
"根据第一指骨的比例自动旋转手指指骨","Automatic rotation of the fingers phalanges based on the scale of the first phalange"
"根据第一指骨的比例自动旋转拇指指骨","Automatic rotation of the thumb phalanges based on the scale of the first phalange"
"二次变形","Secondary Deformations"
"手臂和腿部的次级骨骼和扭曲骨骼的变形模式。匹配到装备后应用。","Deformation mode for the secondary and twist bones of the arms and legs. Applied after Match to Rig."
"手指形状","Finger Shapes"
"手指控制器的默认形状（如果尚未编辑）\n在匹配到装备后应用","Default shapes of the fingers controllers, if not already edited\nApplied after Match to Rig"
"初始比例","Init Scale"
"Match to Rig 后初始化骨架比例（1）","Initialize the armature scale (1) after Match to Rig"
"脊椎骨数量","Number of spine bones"
"添加 Fly 主控制器","Add a Fly master controller"
"骨骼名称","Bone Name"
"骨骼驱动形状键","Bone driving the shape key"
"骨骼变换","Bone Transform"
"高分辨率阈值","High Res Threshold"
"多边形数高于此值的网格将被视为高分辨率网格，以优化绑定性能","Meshes with polycount higher than this will be considered as high resolution meshes to optimize binding performances"
"优化高分辨率网格","Optimize High Resolution Meshes"
"加快高分辨率网格的绑定时间","Speed up binding time of high resolution meshes"
"伪体素分辨率","Pseudo-Voxels Resolution"
"体素精度，值越高越准确，但计算时间越长。\n根据网格复杂程度，低值有时可能比较高值效果更好。","Voxel precision, higher values is more accurate but longer to compute.\nLow values may sometimes work better than high values depending on the mesh complexity."
"伪体素类型","Pseudo-Voxels Type"
"体素化引擎","Voxelization engine"
"装订方式","Binding method"
"绑定引擎","Bind Engine"
"平滑扭曲权重","Smooth Twist Weights"
"通过沿骨骼应用梯度衰减来优化扭曲权重","Refine twist weights by applying a gradient decay along the bone"
"改善臀部重量","Improve Hips Weights"
"改善臀部重量","Improve hips weights"
"改善脚跟重量","Improve Heels Weights"
"改善足部、足跟重量","Improve foot, heel weights"
"通过在绑定之前分离松散的部分（例如：帽子，纽扣，腰带...）来改善蒙皮。\ n警告：具有许多独立部件的网格可能需要几分钟才能绑定。","Improve skinning by separating the loose parts (e.g: hats, buttons, belt...) before binding.\nWarning: meshes with a lot of separate pieces can take several minutes to bind."
"根据下巴位置改善头部蒙皮，由智能或近似定义。\n仅当面部被禁用且双足动物类型","Improve head skinning based on the chin position, defined by Smart or approximated.\nOnly when facial is disabled, and biped type"
"优化头部重量","Refine Head Weights"
"启用骨架修改器（双四元数蒙皮）的“保留体积”选项。\n导出到游戏引擎时应禁用","Enables the Preserve Volume option of the armature modifier (dual quaternions skinning).\nShould be disabled when exporting to game engines"
"如果绑定不起作用，请检查此项。\n在内部对网格的缩放版本进行操作以修复有缺陷的蒙皮","Check this if binding did not work.\nInternally operate on a scaled version of the meshes to fix defective skinning"
"绑定时形状键​​将在其当前状态下进行评估","Shape Keys will be evaluated in their current state when binding"
"仅绑定选定顶点","Only bind selected vertices"
"仅绑定到选定的变形骨骼","Only bind to selected deforming bones"
"暂时显示变形骨骼层以选择变形骨骼","Show the deforming bones layer temporarily to select deforming bones"
"颜色正确","Color Right"
"右控制器颜色","Right controllers color"
"颜色中间","Color Middle"
"中控颜色","Middle controllers color"
"左颜色","Color Left"
"左控制器颜色","Left controllers color"
"颜色面板","Color Panel"
"返回选择器面板颜色","Back picker panel color"
"彩色文本","Color Text"
"选择器面板中的文本颜色","Text color in the picker panel"
"复古约束","Retro Constraints"
"使用旧的约束系统，可能会改变脚部滚动/倾斜和眼睑动画\n如果使用了不寻常的装备比例，或不寻常的单位比例（如 0.01），则相关，以保留以前的动画","Use old constraints system which may change the feet roll/bank and eyelids animation\nRelevant if unusual rig scale was used, or unusual unit scale such as 0.01, to preserve previous animations"
"复古脚","Retro Feet"
"使用旧的非对称脚滚动","Use old non-symmetrized feet roll"
"复古眼睛","Retro Eyes"
"使用旧的眼睛对准系统，导致眼睛不平行或旋转的问题","Use old eyes alignment system which leads to issues with non-parallel or rotated eyes"
"复古脊柱弯曲","Retro Spine Bend"
"使用旧方法对齐脊柱弯曲骨骼。除非使用旧文件，否则不推荐。","Use old method to align spine bend bones. Not recommended unless when using old files."
"复古动作前缀","Retro Action Prefix"
"旧的","Old "
"复古软链接位置","Retro Soft Link Positions"
"启用软链接导出时的旧大腿和手臂骨骼位置","Old thigh and arm bones position when enabling Soft-Link for export"
"Retro Spline IK Quat","Retro Spline IK Quat"
"对样条线 IK 控制器使用四元数旋转","Use quaternions rotation for Spline IK controllers"
"复古拉伸和固定","Retro Stretch and Pin"
"手臂和腿部拉伸和固定控制器的旧对齐方式","Old alignment for the stretch and pin controllers of arms and legs"
"复古斧头","Retro Axes"
"使用旧的轴对齐，不一致","Use old axes alignment, not consistent"
"复古自动唇","Retro Auto-Lips"
"使用旧的自动唇部约束","Use old auto-lips constraints"
"复古网格名称","Retro Mesh Names"
"导出到 Fbx 时使用重复的网格名称 (.001)","Use duplicate mesh names (.001) when exporting to Fbx"
"Retro IK 极点","Retro IK Poles"
"与装备匹配时不对齐 IK 极滚动值","Do not align IK Poles roll value when Match to Rig"
"显示驾驶员数据","Show Driver Data"
"显示用于设置旋转差异驱动器的骨骼名称和骨骼角度（以弧度为单位）","Display the bones name and bone angle (in radians) used to set up the rotational difference driver"
"显示 IK 链方向","Show IK Chain Direction"
"画一条线来显示所选腿部或手臂的 IK 方向","Draw a line to show the IK direction of the selected leg or arm limb"
"眼球类型","Eyeballs Type"
"眼球物体的类型：左右各一个物体，或两个单独的物体","Type of the eyeballs object: single object for left and right, or 2 separate objects"
"眼球物体","Eyeball object"
"眼球对象的名称","Name of the eyeball object"
"右眼球物体","Right eyeball object"
"右眼球物体的名称","Name of the right eyeball object"
"舌头物体","Tongue object"
"舌头物体名称","Name of the tongue object"
"牙齿物体","Teeth object"
"牙齿对象的名称","Name of the teeth object"
"牙齿类型","Teeth Type"
"牙齿对象的类型：上下牙齿/牙龈的单个对象，或 2 个单独的对象","Type of the teeth object: single object for upper and lower teeth/gums, or 2 separate objects"
"下牙物体","Lower teeth object"
"下牙对象的名称","Name of the lower teeth object"
"脚趾_","toes_"
"操作列表名称","Actions List Name"
"此集合中的动作","Collection of actions in this set"
"导出此操作列表","Export this list of actions"
"添加操作","Add an action"
"添加操作","Add Action"
"删除操作","Remove an action"
"移除操作","Remove Action"
"添加操作列表","Add an action list"
"添加操作列表","Add Actions List"
"删除操作列表","Remove an action list"
"删除操作列表","Remove Actions List"
"移动条目","Move entry"
"移动操作列表","Move Actions List"
"显示向后兼容选项","Show backward-compatibility options"
"导出：旧的手臂-脚部方向","Export: Old Arms-Feet Orientation"
"导出：操作前缀","Export: Actions Prefix"
"导出：软链接旧大腿/手臂位置","Export: Soft-Link Old Thigh/Arms Positions"
"导出：重复的网格数据名称（.001）","Export: Duplicate mesh data names (.001)"
"导出：旧版UE人形扭曲骨骼位置","Export: Old UE humanoid twist bones position"
"导出：添加一帧结束动作","Export: Add one frame ending the action"
"导出时取消设置具有恒定关键帧插值的选定骨骼。\n仅需选择变形骨骼","Unset the selected bones with constant keyframe interpolation when exporting.\nOnly deforming bones must be selected"
"取消设置const_bonst","unset_const_bones"
"导出时使用恒定关键帧插值设置选定的骨骼。\n只需选择变形骨骼","Set the selected bones with constant keyframe interpolation when exporting.\nOnly deforming bones must be selected"
"设置_const_bonst","set_const_bones"
"取消选定骨骼的软链接设置","Unset the selected bones as soft-linked"
"取消设置软链接骨骼","unset_softlink_bones"
"在导出的骨架中将选定的骨骼设置为软链接，对于可拉伸的骨骼：\n比例值保持为 1，同时保持实际拉伸的骨骼位置\n只需选择变形的骨骼","Set the selected bones as soft-linked in the exported skeleton, for stretchy bones:\nscale values are maintained to 1, while keeping the actual stretched bone position\nOnly deforming bones must be selected"
"设置软链接骨骼","set_softlink_bones"
"从导出的骨架中移除选定的骨骼","Remove the selected bones from the exported skeleton"
"取消设置自定义骨骼","unset_custom_bones"
"在导出的骨架中添加选定的骨骼（对于在 ARP 骨架中手动添加的骨骼很有用）","Add the selected bones in the exported skeleton (useful for bones added manually in the ARP armature)"
"设置自定义骨骼","set_custom_bones"
"尽可能自动修复装备问题（将拉伸设置为 0，禁用保留音量...）","Fix the rig issues automatically when possible(set stretch to 0, disable Preserve Volume...)"
"修复","fix_rig"
"检查设备以查找可能与导出相关的错误","Check the rig to find possible export related errors"
"检查装备","check_rig"
"删除选定的操作","Delete the selected action"
"这个动作将会被永久地从场景中移除，好吗？","The action will be permanently removed from the scene, ok?"
"切换操作导出","toggle_action_export"
"创建并设置 Mped 骨架作为变形骨架","Create and set the Mped armature as the deforming armature"
"设置_mped_rig","set_mped_rig"
"创建并将人形骨架设置为变形骨架\n警告，破坏 Auto-Rig Pro 编辑和导出工具，请谨慎使用","Create and set the humanoid armature as the deforming armature\nWarning, breaks Auto-Rig Pro editing and export tools, use with care"
"设置人形装备","set_humanoid_rig"
"取消设置出口电枢","Unset the export armature"
"取消设置导出装备","unset_export_rig"
"删除导出预设","Remove export preset"
"尚未添加导出预设！","No export preset added yet!"
"删除导出预设","Remove the export preset"
"加载导出设置","Load export settings"
"ge_load_preset","ge_load_preset"
"保存导出设置","Save export settings"
"保存导出预设","Save export preset"
"预设名称","Preset Name"
"导入自定义预设","Import custom preset"
"导出 Auto-Rig Pro 角色","Export Auto-Rig Pro character"
"根","root"
"将 Humanoid 骨架绑定到 Auto-Rig Pro 骨架","Bind the Humanoid armature to the Auto-Rig Pro armature"
"绑定人形","bind_humanoid"
"解除人形骨架与 Auto-Rig Pro 骨架的绑定。\n导出多个烘焙动作时解除绑定。在烘焙动作之前绑定","Unbind the Humanoid armature to the Auto-Rig Pro armature. \nUnbind when exporting multiple baked actions. Bind before baking actions"
"解除绑定","unbind_humanoid"
"动作列表","ActionsList"
"脚","foot"
"ik_hand_gun","ik_hand_gun"
"ik_hand_root","ik_hand_root"
"ik_foot_root","ik_foot_root"
"ik_foot","ik_foot"
"ik_hand","ik_hand"
"子代","Child Of"
"动画片","Animation"
"mp_","mp_"
"rig_humanoid","rig_humanoid"
"rig_mped","rig_mped"
"c_jawbone.x","c_jawbone.x"
"腿部扭动","leg_twist_"
"大腿扭动","thigh_twist_"
"大腿参考","thigh_ref"
"骷髅头","c_skull_01.x"
"头部.x","head.x"
"骷髅头","c_skull_02.x"
"手臂伸展","arm_stretch_h_loc"
"arm_stretch_h_copy","arm_stretch_h_copy"
"大腿拉伸","thigh_stretch_h_loc"
"大腿拉伸","thigh_stretch_h_copy"
"jawbone.x","jawbone.x"
"根弯曲","c_root_bend_old.x"
"c_根_弯曲.x","c_root_bend.x"
"根.x","root.x"
"没有任何","None"
"c_traj","c_traj"
"脖子","neck"
"眉毛浓密","c_eyebrow_full"
"c_bot_bend","c_bot_bend"
"spine_01.x","spine_01.x"
"spine_02.x","spine_02.x"
"spine_03.x","spine_03.x"
"颈部_01","neck_01"
"脖子_","neck_"
"头","head"
"骨盆","pelvis"
"脖子","Neck"
"脖子_","Neck_"
"脊柱","Spine"
"胸部","Chest"
"上胸部","UpperChest"
"脊柱_","Spine_"
"头","Head"
"臀部","Hips"
"根","Root"
"Auto-Rig Pro：导出","Auto-Rig Pro: Export"
"无法使用 Auto-Rig Pro 导出装备","Rig not exportable with Auto-Rig Pro"
"检查台","Check Rig"
"修复装备","Fix Rig"
"显示高级","Show Advanced"
"设置自定义骨骼","Set Custom Bones"
"取消设置","Unset"
"设置软链接骨骼","Set Soft-Link Bones"
"设置固定骨骼","Set Const. Bones"
"从文件重命名骨骼：","Rename Bones from File:"
"自定义导出脚本：","Custom Export Script:"
"导出 FBX...","Export FBX..."
"导出 GLTF...","Export GLTF..."
"警告，中断 Auto-Rig Pro 编辑","Warning, breaks Auto-Rig Pro edit"
"和导出工具，请谨慎使用","and export tools, use with care"
"未设置导出装备","Unset Export Rig"
"设置人形装备","Set Humanoid Rig"
"设置通用装备","Set Universal Rig"
"作为多个","As Multiple "
"文件名：","File Names:"
"帧范围：","Frame Range:"
"开始：","Start: "
"动作名称：","Action Names:"
"动作管理器","Actions Manager"
"仅包含：","Only Containing:"
"没有主动行动","No active action"
"没有要导出的操作","No actions to export"
"导出根骨骼 (c_traj)","Export Root Bone (c_traj)"
"无父母（允许动画拉伸）","No Parents (allow animated stretch)"
"从文件重命名骨骼","Rename Bones from File"
"钻机名称：","Rig Name:"
"单位：","Units:"
"根运动：","Root Motion:"
"虚幻选项：","Unreal Options:"
"UE4 遗产","UE4 Legacy"
"模特斧","Mannequin Axes"
"动画 IK 骨骼","Anim. IK Bones"
"需要 4 块脊椎骨才能匹配","4 spine bones are required to match"
"UE 人体模型层次结构！","UE Mannequin hierarchy!"
"6 块脊椎骨","6 spine bones"
"和 2 块颈骨","and 2 neck bones"
"必须匹配","are required to match the"
"Godot 选项：","Godot Options:"
"几何学：","Geometry:"
"平滑：","Smoothing:"
"光滑的","Smooth"
"顶点切线","Vertex Tangents"
"形状键法线","Shape Keys Normals"
"形状键切线","Shape Keys Tangents"
"修饰符：","Modifiers:"
"应用修改器","Apply Modifiers"
"应用子表面修改器","Apply Subsurf Modifiers"
"三角测量","Triangulate"
"顶点颜色：","Vertex Colors:"
"调试：","Debug:"
"电枢轴：","Armature Axes:"
"烘焙轴转换","Bake Axis Conversion"
"骨头斧：","Bones Axes:"
"基本的","Primary"
"次要","Secondary"
"纹理：","Textures:"
"嵌入纹理","Embed Textures"
"以 Fbx 文件格式导出装配好的角色","Export the rigged character in Fbx file format"
"Auto-Rig Pro FBX 导出","Auto-Rig Pro FBX Export"
"以 Gltf/Glb 文件格式导出装配好的角色\n需要 Blender 3.4 及更高版本","Export the rigged character in Gltf/Glb file format\nRequires Blender 3.4 and higher"
"Auto-Rig Pro GLTF 导出","Auto-Rig Pro GLTF Export"
"Unity Rig 类型导出","Unity Rig Type Export"
"出口钻机类型","Rig type to export"
"游戏引擎类型","Game Engine Type"
"游戏引擎导出角色","Game engine to export the character"
"UE4","UE4"
"导出为 UE4 的人形模型","Export as a humanoid for UE4"
"为 UE 重命名","Rename for UE"
"根据虚幻引擎人形名称约定重命名骨骼","Rename bones according to Unreal Engine humanoid names convention"
"重命名为 Godot","Rename for Godot"
"根据 Godot 人形名称约定重命名骨骼","Rename bones according to Godot humanoid names convention"
"导出扭曲","Export Twist"
"如果启用，则导出扭曲骨骼。如果禁用，则","If enabled, twist bones are exported. If disabled, they"
"扭扭量","Twist Amount"
"扭曲骨骼的影响，仅当使用 1 个扭曲骨骼时才有效。通常 0.5 可获得更好的效果，因为游戏引擎不支持双四元数​​\n如果有多个扭曲骨骼，则忽略此值，因为它","Influence of the twist bone, only if 1 twist bone if used. Generally 0.5 gives better results since game engines do not support dual quaternions\nIn case of multiple twist bones, this value is ignored since it"
"先进的","Advanced"
"导出辅助控制器（","Export secondary controllers ("
"全面部护理","Full Facial"
"包括所有面部骨骼和头骨","Include all facial bones, with skulls"
"推加剂","Push Additive"
"（仅限动画骨架）上推附加弯曲骨骼变换以补偿较低的权重，因为未导出附加骨架修改器","(Animated armature only) Push up the additive bend bones transforms to compensate the lower weights, since the additive armature modifier is not exported"
"设置骨骼方向以匹配虚幻人体模型方向。\n建议使用 4 根脊椎骨以获得最佳效果","Set the bones orientation to match the Unreal mannequin orientations.\n4 spine bones recommended for best results"
"添加 IK 骨骼","Add IK Bones"
"添加 IK 骨骼（ik_foot_root、ik_foot_l……）","Add the IK bones (ik_foot_root, ik_foot_l...)"
"动画 IK 骨骼","Animated IK Bones"
"动画 IK 骨骼：IK 骨骼将继承脚和手的动作","Animated IK bones: the IK bones will inherit the feet and hands motions"
"根运动","Root Motion"
"这","The "
"仅导出包含：","Export Only Containing:"
"仅导出名称包含给定文本的操作\ne。例如，仅导出与以下内容相关的操作","Export only actions with names containing the given text\ne.g. to export only actions associated to "
"文本","Text"
"导出时要在操作名称中查找的单词/文本","Word/Text to be looked for in the actions name when exporting"
"单位 x100","Units x100"
"使用 x100 单位比例因子导出。这可确保在 Unreal Engine 中重新定位，并将 Unity 中的装备比例设置为 1.0","Export with a x100 unit scale factor. This ensures retargetting in Unreal Engine and the rig scale set to 1.0 in Unity"
"烘焙动画","Bake Animations"
"如果角色有动画，则烘焙动画","If the character is animated, bake animations"
"烘焙单个动作或全局动画轨迹","Bake individual actions or a global animation track"
"帧范围类型","Frame Range Type"
"开始","Start"
"开始帧","Start frame"
"结尾","End"
"结束帧","End frame"
"仅限活动","Only Active"
"仅导出活动操作","Only export the active action"
"忽略链接的操作","Ignore Linked Actions"
"不导出链接文件中包含的操作","Do not export actions contained in linked files"
"简化因素","Simplify Factor"
"简化因子以压缩动画数据大小。值越低 = 质量越高，文件大小越大","Simplify factor to compress the animation data size. Lower value = higher quality, higher file size"
"采样率","Sampling Rate"
"烘焙时的采样率。低于 1.0 的值允许子帧烘焙，例如 0.1 = 每帧 10 个关键帧","Sampling rate when baking. Value below 1.0 allows subframe baking, e.g 0.1 = 10 keyframes per frame"
"强制开始/结束键控","Force Start/End Keying"
"始终在动画通道的动作开始和结束时添加关键帧","Always add a keyframe at start and end of actions for animated channels"
"世界规模","Global Scale"
"应用全球尺度","Global scale applied"
"平滑","Smoothing"
"导出平滑信息（首选","Export smoothing information (prefer "
"切线空间","Tangent Space"
"添加双法线和切线向量，它们与法线一起形成切线空间（仅适用于三角形/四边形网格！）","Add binormal and tangent vectors, together with normal they form the tangent space (will only work correctly with tris/quads only meshes!)"
"顶点颜色","Vertex Colors"
"导入顶点颜色属性","Import vertex color attributes"
"优先考虑活动颜色","Prioritize Active Color"
"确保首先导出活动颜色。这可能很重要","Make sure active color will be exported first. Could be important "
"主要骨轴","Primary Bone Axis"
"次要骨轴","Secondary Bone Axis"
"修复旋转","Fix Rotations"
"通过避免父节点与子节点之间出现 180 度角，为骨骼位置和旋转添加不可见的抖动，以防止出现旋转问题","Add invisible jitter to the bones position and rotation to prevent rotations issues, by avoiding 180 angles between the child and parent"
"修复矩阵","Fix Matrices"
"使用替代方法评估骨骼矩阵，以防止骨骼摇晃","Use an alternative method to evaluate the bones matrices, to prevent shaky bones"
"初始化 Fbx 骨架旋转","Initialize Fbx Armature Rotation"
"导出骨架，并将旋转值设置为 0","Export armature with rotations values set to 0"
"初始化 Fbx 网格旋转","Initialize Fbx Meshes Rotation"
"导出旋转值设置为 0 的网格","Export meshes with rotations values set to 0"
"在 Fbx 文件中嵌入纹理，使用复制路径模式。\n如果着色器不是 Princpled BSDF 着色器，则可能无法工作","Embed textures in Fbx file, use copy path mode.\nMay not work if shaders are not Princpled BSDF shaders"
"仅选定对象","Selected Objects Only"
"仅导出选定的对象，而不是导出所有蒙皮网格","Export only selected objects, instead of exporting all skinned meshes"
"仅导出选定的骨骼（仅需选择变形的骨骼）","Export only selected bones (only deforming bones must be selected)"
"显示操作","Display Actions"
"显示导出的操作","Show exported actions"
"显示附加信息","Show Extras"
"显示游戏引擎导出额外工具和调试工具","Show Game Engine export extra and debug tools"
"显示高级设置","Show advanced settings"
"没有父母","No Parent"
"通过导出平面层次结构（无父级）允许正确导出骨骼拉伸/缩放。\n警告，由于骨骼层次结构未保留，因此它会破坏游戏引擎中的重新定位功能","Allow correct export of bones stretch/scale by exporting a flat hierarchy (no parenting).\nWarning, it breaks retargetting features in game engines since the bones hierarchy is not preserved"
"面板类型","Panel Type"
"钻机名称","Rig Name"
"导出的骨架名称","Name of the exported skeleton"
"如何命名导出的操作","How to name exported actions"
"动作名称","Actions Names"
"如何命名导出的操作文件","How to name exported action files"
"文件名","File Names"
"操作列表","Actions List"
"动作列表","List of actions list"
"列表索引","List Index"
"启用动作管理器，以更高级的方式对动作进行分组和导出","Enable the actions manager, for more advanced ways to group and export actions"
"如果启用，则将每个操作导出为单独的 Fbx 文件，否则将导出包含所有操作的单个 Fbx 文件","If enabled, export each action as an individual Fbx file, otherwise a single Fbx file containing all actions is exported "
"从文件重命名导出的骨骼（请参阅 Auto-Rig Pro：导出选项卡中的文件路径）","Rename exported bones from file (see filepath in the Auto-Rig Pro: Export tab)"
"重命名路径","Rename Path"
"包含新骨骼名称的文件路径。例如：\nhead.x = Head\nneck.x = Neck...\n外部文本文件或 Blender 内部文本文件的名称","Path to the file containing new bone names. For example:\nhead.x = Head\nneck.x = Neck...\nEither an external text file, or the name of an internal Blender text file"
"自定义导出脚本","Custom Export Script"
"导出的自定义脚本说明的路径","Path to the custom script instructions for export"
"导出时应用修改器。\n支持形状键。大量形状可能会增加导出时间，仅当每个形状的顶点数量保持不变时才有效","Apply modifiers when exporting. \nShape Keys are supported. Lots of shapes may increase export time, works only if the amount of verts remains constant for each shape"
"同时应用 Subsurf 修改器","Apply the Subsurf modifier as well"
"导出虚幻引擎人形生物时扭曲骨骼位置不正确","Old incorrect twist bones position when exporting for Unreal Engine humanoid"
"如果启用，则在动作结束时添加一帧，就像 Blender 4 之前的版本一样","If enabled, add one frame at the end of the action, like it used to with Blender versions before 4"
"使用比例和轴设置导出以符合 Unity Bake 轴转换设置","Export with scale and axes settings to comply with Unity Bake Axis Conversion setting"
"添加虚拟网格","Add Dummy Mesh"
"仅导出骨架时添加没有顶点的空白网格对象，以防止出现导入问题。\n导出到 UE 时自动启用，因为没有网格的骨架无法导入 UE","Add a blank mesh object with no vertices when the skeleton only is exported, to prevent import issues.\nAutomatically enabled when exporting to UE, since skeleton without meshes cannot be imported in UE"
"强制休息姿势导出","Force Rest Pose Export"
"即使只导出骨架而不导出网格，也可以导出绑定/静止姿势","Export the bind/rest pose even if only the skeleton is exported, without meshes"
"格式","Format"
"包括所有骨骼影响","Include All Bones Influences"
"如果禁用，将限制骨骼影响到最大 4。如果启用，则无限","If disabled, will clamp the bones influence to max 4. If enabled, infinite"
"形状键法线","Shape Key Normals"
"使用形状键（变形目标）导出顶点法线","Export vertex normals with shape keys (morph targets)"
"形状键切线","Shape Key Tangents"
"使用形状键（变形目标）导出顶点切线","Export vertex tangents with shape keys (morph targets)"
"使用 x100 单位比例因子导出","Export with a x100 unit scale factor"
"始终采样动画","Always Sample Animations"
"将采样应用于所有动画","Apply sampling to all animations"
"导出时对面进行三角剖分","Triangulate faces when exporting"
"根骨","Root Bone"
"将 c_traj 骨骼导出为根骨骼","Export the c_traj bone as root bone"
"掌骨指","Metacarpal Fingers"
"导出掌指骨","Export metacarpal finger bones"
"界面选项卡","Interface Tab"
"显示界面的选项卡名称","Name of the tab to display the interface in"
"工具界面选项卡","Tools Interface Tab"
"显示工具（IK-FK snap...）界面的选项卡名称","Name of the tab to display the tools (IK-FK snap...) interface in"
"初学者模式","Beginner Mode"
"骨架","Armatures"
"存储骨架预设的路径","Path to store armature presets"
"四肢","Limbs"
"存储自定义肢体预设的路径","Path to store custom limb presets"
"钻机层","Rig Layers"
"存储装备层预设的路径","Path to store rig layers presets"
"重新映射预设","Remap Presets"
"存储重映射预设的路径","Path to store remap presets"
"导出预设","Export Presets"
"存储游戏引擎导出预设的路径","Path to store game engine export presets"
"手臂 IK-FK 开关的默认值","Default value for arms IK-FK switch"
"IK-FK 武器默认","IK-FK Arms Default"
"腿部 IK-FK 开关的默认值","Default value for legs IK-FK switch"
"IK-FK 腿部默认","IK-FK Legs Default"
"头部锁定默认","Head Lock Default"
"头部锁定开关的默认值","Default value for the Head Lock switch"
"删除骨架修饰符","Remove Armature Modifiers"
"绑定时删除现有的骨架修饰符","Remove existing armature modifiers when binding"
"删除现有顶点组","Remove Existing Vertex Groups"
"绑定时删除现有的顶点组","Remove existing vertex groups when binding"
"切换至首次绑定执行，设置默认首选项","Toggle to be executed the first time binding, to set default prefs"
"导出完成后显示弹出通知","Show a popup notification on export completion"
"初学者模式（帮助按钮）","Beginner Mode (help buttons)"
"钻机：","Rig:"
"绑定时删除现有的骨架修改器","Remove Existing Armature Modifiers when Binding"
"绑定时删除现有的顶点组","Remove Existing Vertex Groups when Binding"
"IK-FK 武器","IK-FK Arms"
"IK-FK 腿","IK-FK Legs"
"头锁","Head Lock"
"界面：","Interface:"
"主 ARP 选项卡","Main ARP Tab"
"工具选项卡","Tools Tab"
"导出完成后显示弹出窗口","Show Popup when Export Finished"
"路径：","Paths:"
"特殊调试：","Special-Debug:"
"调试模式","Debug Mode"
"以调试模式运行插件以进行调试。\n警告，可能会产生地震和太阳风暴。请勿启用以进行正常使用！","Run the addon in debug mode for debugging purposes.\nWarning, can generate earthquakes and solar tempest. Do not enable for normal usage!"
"调试绑定","Debug Bind"
"出于调试目的，启用绑定函数的调试模式。\n警告，将破坏工具并产生地震！\n请勿在正常使用时启用！","Enable Debug mode for bind functions, for debugging purposes.\nWarning, will break tools and generate earthquakes!\nDo not enable for normal usage!"
"实验模式","Experimental Mode"
"启用实验性的、不稳定的工具。警告，可能会导致错误。使用时请自担风险。","Enable experimental, unstable tools. Warning, can lead to errors. Use it at your own risks."
"禁用智能特效","Disable Smart FX"
"出于调试目的禁​​用智能标记 FX，例如 Mac 系统不支持某些图形。请安全使用。","Disable Smart markers FX for debug purposes, such as Mac systems not supporting some graphics. Safe to use."
"导入内置预设列表","Import built-in presets list"
"Auto-Rig Pro（FK 手臂、IK 腿部）","Auto-Rig Pro (FK Arms, IK Legs)"
"ARP","arp"
"角色创建器（FK 手臂、IK 腿部）","Character Creator (FK Arms, IK Legs)"
"角色创建者","character_creator"
"DAZ（FK 手臂、IK 腿部）","DAZ (FK Arms, IK Legs)"
"达兹","daz"
"DeepMotion（FK 手臂、IK 腿部）","DeepMotion (FK Arms, IK Legs)"
"深度运动","deepmotion"
"热量（FK 手臂，IK 腿部）","Heat (FK Arms, IK Legs)"
"heat_ik","heat_ik"
"热量（FK 手臂、FK 腿部）","Heat (FK Arms, FK Legs)"
"heat_fk","heat_fk"
"MB 实验室（FK 手臂、IK 腿）","MB Lab (FK Arms, IK Legs)"
"姆班拉","mblab"
"Mixamo（FK 手臂、IK 腿部）","Mixamo (FK Arms, IK Legs)"
"mixamo_fbx_ik","mixamo_fbx_ik"
"Mixamo（FK 手臂、FK 腿部）","Mixamo (FK Arms, FK Legs)"
"mixamo_fk","mixamo_fk"
"Mixamo（IK 手臂、IK 腿）","Mixamo (IK Arms, IK Legs)"
"米萨莫伊克","mixamo_ik"
"Mocopi（FK 手臂，IK 腿）","Mocopi (FK Arms, IK Legs)"
"莫科皮","mocopi"
"感知神经元（FK 手臂、IK 腿）","Perception Neuron (FK Arms, IK Legs)"
"感知神经元","perception_neuron"
"装备（FK 手臂、IK 腿部）","Rigify (FK Arms, IK Legs)"
"装备化","rigify"
"Rokoko (FK 手臂，IK 腿)","Rokoko (FK Arms, IK Legs)"
"rokoko_legs_ik","rokoko_legs_ik"
"Rokoko v2（FK 手臂，IK 腿部）","Rokoko v2 (FK Arms, IK Legs)"
"rokoko_legs_ik_2","rokoko_legs_ik_2"
"Unity Fbx","Unity Fbx"
"unity_export","unity_export"
"虚幻人体模型（FK 手臂、IK 腿部）","Unreal Mannequin (FK Arms, IK Legs)"
"unreal_mannequin_remap","unreal_mannequin_remap"
"Xsens（FK 手臂、IK 腿部）","Xsens (FK Arms, IK Legs)"
"传感器","xsens"
"__________","__________"
"风俗_","CUSTOM_"
"导出为自定义预设","Export as custom preset"
"另存为新预设","Save as New Preset"
"导出预设","Export Preset"
"预设目录尚未设置或不","The preset directory is not set yet or doesn"
"        预设文件存储在哪里？","        where to store preset files?"
"自定义预设路径","Custom Presets Path"
"清除交互调整","Clear interactive tweaks"
"重新定位_清除_调整","retarget_clear_tweaks"
"在骨骼列表中选择视口中的活动骨骼","Select in the bones list the active bone in the viewport"
"synchro_select","synchro_select"
"清除骨架对象的动画数据并初始化其变换。保留骨骼动画","Clear animation datas from the armature object and initialized its transforms. Preserve bones animation"
"freeze_armature","freeze_armature"
"如果源骨架和目标骨架具有不同的静止姿势，请单击此按钮更改源骨架的静止姿势，使其看起来像目标骨架。\n这对于准确的重新定位是必需的。\n单击“应用”以完成","If the source and target armatures have different rest poses, click this button to change the source armature rest pose, so that it looks like the target armature.\nNecessary for accurate retargetting.\nClick Apply to complete"
"重新定义休息姿势","Redefine Rest Pose"
"保存","Preserve"
"如果启用，则源骨架的实际静止姿势将保留。它仅拍摄新姿势的快照，并在重新定位时使用它来抵消骨骼变换。\n如果禁用，则实际静止姿势将被修改，并且其动画将根据新的静止姿势重新烘焙","If enabled, the actual rest pose of the source armature is preserved. It only takes a snapshot of the new pose, and use it to offset the bones transforms when retargetting.\nIf disabled, the actual rest pose is modified, and its animation is re-baked based on the new rest pose"
"使用休息姿势","Use Rest Pose"
"设置休息姿势","Set the rest pose"
"源电枢是 Auto-Rig Pro 电枢","The source armature is an Auto-Rig Pro armature"
"最好使用按钮改变休息姿势","It is best to change the rest pose with the button "
"在 ARP 主菜单中。","in the ARP main menu."
"使用当前姿势作为休息姿势。","Use the current pose as rest pose."
"使用该骨架的实际静止姿势","Use the actual rest pose of this armature"
"使用之前保存的休息姿势（如果有）作为休息姿势","Use the previously saved rest pose (if any) as rest pose"
"在单击“应用”按钮之前，姿势将保持可编辑状态。要恢复，请单击“取消”","The pose will remain editable until the Apply button is clicked. To revert, click Cancel"
"切换动作重新映射","toggle_action_remap"
"启用所有重新定位操作","Enable all actions for retargetting"
"禁用所有重新定位操作","Disable all actions for retargetting"
"选择多个源动画进行重定向","Select multiple source animations for retargetting"
"启用多个动画重定向","Enable Multiple Animations Retargetting"
"自动缩放源骨架以适应目标骨架高度\n如果静止位置不正确，则可能无法工作，高度在此基础上计算。否则，请手动缩放。","Automatic scale of the source armature to fit the target armature height\nMay not work if the rest position is incorrect, the height is calculated on this basis. Scale manually otherwise."
"自动缩放","auto_scale"
"添加偏移","Add an offset"
"应用偏移量","apply_offset"
"偏移值","offset_value"
"取消休息姿势版","Cancel the rest pose edition"
"取消重新定义","cancel_redefine"
"从目标骨架中的相应骨骼复制选定的骨骼旋转（首先必须正确分配骨骼列表）","Copy the selected bones rotation from the corresponding bones in the target armature (the bones list must be assigned properly first)"
"复制骨骼","copy_bone_rest"
"完成休息姿势版本（长动画可能需要一段时间才能完成）","Complete the rest pose edition (long animations may take a while to complete)"
"复制原始坐标","copy_raw_coordinates"
"完成休息姿势版","Complete the rest pose edition"
"保存姿势休息","save_pose_rest"
"拾取选定的物体/骨骼","Pick the selected object/bone"
"pick_object","pick_object"
"将骨骼映射导出到文件","Export the bones mapping to file"
"导出映射","Export Mapping"
"从预设列表导入骨骼映射","Import bones mapping from the presets list"
"从路径导入映射","Import Mapping from Path"
"清除当前骨骼列表","Clear Current Bones List"
"从文件导入骨骼映射","Import bones mapping from file"
"导入映射","Import Mapping"
"导入预设设置：","Import Preset Settings:"
"源电枢旋转未冻结：X、Y 或 Z 值不为 0 或 1","Source armature rotation is not frozen: X, Y or Z values are different from 0 or 1"
"目标骨架变换未冻结：旋转或缩放不为 0 或 1","Target armature transforms are not frozen: rotation or scale are different from 0 or 1"
"源电枢原点似乎不正确，冻结它吗？","Source armature origin seems incorrect, freeze it?"
"（如果不确定，请先尝试不冻结。然后，如果输出动画偏移，请启用它）","(If not sure, first try without freezing. Then if the output animation is offset, enable it)"
"名字太长了！重新定位可能会失败","Very long bones names! Retargetting may FAIL"
"        使用较短的名称重命名骨骼","        Rename bones with shorter names"
"重新定位，仅绑定而不进行烘焙以实现快速预览","Retarget, binding only without baking for quick preview"
"冷冻源电枢","Freeze Source Armature"
"冻结目标电枢","Freeze Target Armature"
"骨骼名称长度 >50 将无法重新定位，因为重新定位时临时骨骼会被重命名","Bones names length >50 will fail retargetting because temp bones are renamed when retargetting"
"警告！","Warning!"
"目标骨架是 Auto-Rig Pro 骨架，而一些骨骼","The target armature is an Auto-Rig Pro armature, while some bones"
"列表中不是控制器（没有","in the list are not controller (no "
"重新定位至非控制器骨骼可能会破坏装备。是否继续？","Retargetting to non-controller bones can potentially break the rig. Continue?"
"将源骨架动作重新定位到目标骨架","Retarget the source armature action to the target armature"
"重新定位","Retarget"
"帧开始","Frame Start"
"从此框架开始烘焙","Bake from this frame"
"帧结束","Frame End"
"烘焙至此框架","Bake to this frame"
"使能够","Enable "
"虚假用户","Fake User"
"清理 FK 旋转","Clean FK rotations"
"确保前臂和腿部 FK 控制器的单一旋转轴（仅限 ARP 电枢）","Ensure single rotation axis for forearm and leg FK controllers (ARP armatures only)"
"清洁 IK 极点","Clean IK Poles"
"删除低于给定角度阈值的 IK 极骨骼关键帧","Remove IK pole bones keyframes below a given angle threshold"
"清洁 IK 极角","Clean IK Pole Angle"
"角度阈值","Angle threshold"
"冻结源电枢","Freeze the source armature"
"关键帧插值","Keyframe Interpolation"
"关键帧手柄","Keyframe Handles"
"角度","Angle"
"构建源骨骼和目标骨骼列表，并尝试将其名称与 Auto-Rig Pro 或任何其他骨架进行匹配","Build the source and target bones list, and try to match their names with Auto-Rig Pro or any other armature"
"构建骨骼列表","build_bones_list"
"将重映射设置更新至最新版本","Update Remap settings to latest version"
"重新映射_更新","remap_update"
"阻尼轨道重新映射","damped_track_REMAP"
"arp_remap_temp","arp_remap_temp"
"arp_重新定义","arp_redefine"
"c_arm_fk.r","c_arm_fk.r"
"手臂.l","c_arm_fk.l"
"手臂","c_arm_fk"
"c_forearm_fk.r","c_forearm_fk.r"
"c_前臂_fk.l","c_forearm_fk.l"
"c_前臂_fk","c_forearm_fk"
"手把手教你如何做","c_hand_fk"
"大腿","c_thigh_fk.l"
"c_thigh_fk.r","c_thigh_fk.r"
"大腿","c_thigh_fk"
"腿_fk.l","c_leg_fk.l"
"c_leg_fk.r","c_leg_fk.r"
"腿_fk","c_leg_fk"
"脚部","c_foot_fk"
"托斯卡纳","c_toes_fk"
"源列表","Source  List"
"源骨骼名称","Source Bone Name"
"轴心国命令切换","Axis Orders Switch"
"轴顺序","Axes Order"
"X 轴反转","X Axis Inverted"
"反转 X 轴","Inverse the X axis"
"Y 轴反转","Y Axis Inverted"
"反转 Y 轴","Inverse the Y axis"
"Z 轴反转","Z Axis Inverted"
"反转 Z 轴","Inverse the Z axis"
"设置为根","Set As Root"
"将此骨骼设置为骨架的根部（臀部）","Set this bone as the root (hips) of the armature "
"偏移 X 旋转","Offset X Rotation"
"偏移 X 旋转值","Offset X rotation value"
"偏移 Y 旋转","Offset Y Rotation"
"偏移 Y 旋转值","Offset Y rotation value"
"偏移 Z 旋转","Offset Z Rotation"
"偏移 Z 旋转值","Offset Z rotation value"
"使用 IK 重映射，类似于世界空间位置（对于精确的脚部跟踪很有用）","Use IK remapping, similar to world space location (useful for accurate feet tracking)"
"IK 极骨（可选）","IK pole bone (optional)"
"使用世界 IK 坐标而不是相对坐标，如果角色正在旋转则效果更好","Use world IK coordinates instead of relative, works better if the character is spinning"
"汽车杆（目标）","Auto Pole (Target)"
"极骨将继承目标骨变换，而不是尝试匹配 IK 链方向。\n有助于避免 IK 翻转","The pole bone will inherit the target bone transforms, instead of trying to match the IK chain orientation.\nUseful to avoid IK flips"
"汽车杆（链条）","Auto Pole (Chain)"
"极骨将继承 IK 骨骼链变换，而不是尝试匹配 IK 链方向。\n有助于避免 IK 翻转","The pole bone will inherit the IK bones chain transforms, instead of trying to match the IK chain orientation.\nUseful to avoid IK flips"
"如何评估 IK 极点位置","How the IK pole position should be evaluated"
"添加 IK Const。","Add IK Const."
"如果骨骼没有 IK 约束，则自动创建 IK 约束","Automatically creates IK constraints if the bone has none"
"地点","Location"
"使用位置重新映射，相对于父骨骼（局部）","Use location remapping, relative to the parent bone (local)"
"必要时用于校正 IK 骨骼直线对齐的轴","Axis used to correct the IK bones straight alignment if necessary"
"IK_axis_correc","IK_axis_correc"
"Auto-Rig Pro：重新映射","Auto-Rig Pro: Remap"
"发现旧的重映射设置。","Old remap settings found."
"请更新以下内容：","Please Update below:"
"更新","Update"
"输入：","Inputs:"
"源电枢：","Source Armature:"
"到位","In Place"
"多源动画...","Multiple Source Anim..."
"目标骨架：","Target Armature:"
"自动缩放","Auto Scale"
"建立骨骼列表","Build Bones List"
"重新定位","Re-Target"
"仅绑定","Bind Only"
"仅解除绑定","Unbind Only"
"显示冻结警告","Show Freeze Warnings"
"源骨骼：","Source Bones:"
"目标骨骼：","Target Bones:"
"设置为 Root","Set as Root"
"极","Pole"
"IK世界空间","IK World Space"
"IK 轴校正：","IK Axis Correc:"
"位置（本地）","Location (Local)"
"交互式调整（绑定模式）","Interactive Tweaks (Bind Mode)"
"加法旋转","Additive Rotation"
"+X","+X"
"-X","-X"
"+Y","+Y"
"-Y","-Y"
"+Z","+Z"
"-Z","-Z"
"附加位置","Additive Location"
"位置乘数","Location Multiplier"
"放","Set"
"映射预设：","Mapping Presets:"
"替换命名空间：","Replace Namespace:"
"搜索","Search"
"代替","Replace"
"空骨骼列表","Empty bone list"
"重新定义源休息姿势：","Redefine Source Rest Pose:"
"复制选定骨骼旋转","Copy Selected Bones Rotation"
"申请","Apply"
"目标装备","Target Rig"
"目标骨架重新定位动作","Destination armature to re-target the action"
"源装备","Source Rig"
"源装备骨架采取行动","Source rig armature to take action from"
"根位置的全局比例偏移","Global scale offset for the root location"
"源名称字符串","Source Names String"
"源操作","Source Action"
"要从中加载数据的源操作数据","Source action data to load data from"
"ARP 继承轮换","ARP Inherit Rotation"
"仅限 Auto-Rig Pro 类型骨架：如果启用，骨骼层次结构将被修改，以便手臂和头部将继承其父骨骼的旋转。","Auto-Rig Pro type armature only: if enabled, the bones hierarchy will be modified so that the arms and the head will inherit their parent bones rotation."
"根尺度","Root Scale"
"姓名搜索","Name search"
"搜索和替换","search_and_replace"
"互动调整","Interactive Tweaks"
"显示交互式调整菜单","Show the interactive tweaks menu"
"允许检查“设置为根”属性的更新","Allow update check of the Set as Root prop"
"扩展映射预设界面","Expand the mapping presets interface"
"扩展输入接口","Expand the inputs interface"
"显示高级功能","Show advanced features"
"尝试补偿根部运动，使骨盆保持原位。仅适用于循环动画（行走、跑步……）","Tries to compensate root motion so that the pelvis stay in place. Only works with cyclic animation (walk, run...)"
"重新定位时显示冻结骨架警告，以便在出现问题时冻结骨架对象变换","Show freeze armature warnings when retargetting, to freeze armature object transforms in case of issues"
"重新定位多个动画","Retarget multiple animations"
"设置面部标记","Setup the facial markers"
"面部设置","facial_setup"
"取消面部标记设置","Cancel the facial markers setup"
"取消面部护理设置","cancel_facial_setup"
"验证面部标记设置","Validate the facial markers setup"
"验证面部设置","validate_facial_setup"
"恢复上一次会话中的标记位置","Restore the markers position from the previous session"
"恢复标记","restore_markers"
"将角色转向镜头","Turn the character to face the camera"
"转动","turn"
"选择角色网格对象，然后单击它以快速将参考骨骼放置在角色上","Select the character meshes objects then click it to quicky place the reference bones on the character"
"聪明的","Smart"
"最终网格","FINALMESH"
"体温","body_temp"
"启动自动检测","Start the automatic detection"
"发现多个钻机，应该覆盖哪一个？","Multiple rigs found, which one should be overwritten?"
"arp_temp_detection","arp_temp_detection"
"FX 标记","Markers FX"
"markers_fx","markers_fx"
"arp_smart_circle","arp_smart_circle"
"arp_smart_circle_over","arp_smart_circle_over"
"arp_smart_circle_blue","arp_smart_circle_blue"
"arp_smart_circle_黄色","arp_smart_circle_yellow"
"arp_smart_circle_red","arp_smart_circle_red"
"添加标记以帮助自动检测","Add a marker to help auto-detection"
"添加标记","add_marker"
"身体的一部分","Body Part"
"删除检测到的标记","Delete the detected markers"
"删除检测到的","delete_detected"
"取消智能检测并删除标记","Cancel the smart detection and delete the markers"
"取消并删除标记","cancel_and_delete_markers"
"arp_facial_setup","arp_facial_setup"
"arp_标记","arp_markers"
"自动检测位置","auto_detect_loc"
"arp_hand_aligned","arp_hand_aligned"
"arp_hand_transform","arp_hand_transform"
"arp_part_verts","arp_part_verts"
"foot_dir_space","foot_dir_space"
"镜像状态","mirror_state"
"骨骼名称","Bone name"
"头部位置","Head Position"
"尾部位置","Tail Position"
"位置","Position"
"顶点 ID","Vertex Id"
"Auto-Rig Pro：智能","Auto-Rig Pro: Smart"
"获取选定对象","Get Selected Objects"
"转动：","Turn:"
"添加颈部","Add Neck"
"添加下巴","Add Chin"
"添加肩部","Add Shoulders"
"添加手腕","Add Wrists"
"添加脊椎根","Add Spine Root"
"添加脚踝","Add Ankles"
"骨架设置预设：","Skeleton Settings Presets:"
"手指","Fingers"
"脊柱计数","Spine Count"
"脊柱形状：","Spine Shape:"
"骨盆向上","Pelvis Up"
"锁骨：","Clavicles:"
"颈部计数","Neck Count"
"手臂-腿部旋转次数","Arms-Legs Twist Count"
"其他的","Others"
"添加面部","Add Facial"
"去！","Go!"
"舌头物体（可选）：","Tongue Object (optional):"
"牙齿对象（可选）：","Teeth Object (optional):"
"取消面部护理","Cancel Facial"
"好的","OK"
"恢复上次会话","Restore Last Session"
"取消和删除标记","Cancel and Delete Markers"
"主体名称","Body name"
"获取主体对象名称","Get the body object name"
"这个模型上应该有多少根手指","How many fingers should be found on this model"
"手指检测","Fingers Detection"
"启用手指","Enable fingers"
"启用手指","Enable Fingers"
"辞职","Quit"
"镜像左侧（字符","Mirror the left (character"
"左脚方向","Left Foot Direction"
"右脚方向","Right Foot Direction"
"体素精度","Voxel Precision"
"手指检测的体素分辨率。一般不应修改，除非会导致错误的手指检测。","Voxel resolution for the fingers detection. Should generally not be modified, unless it gives wrong fingers detection."
"对模型进行体素化的方法，改变它可能会改善结果","Method to voxelize the model, changing it may improve the results"
"手指厚度","Finger Thickness"
"如果检测到的手指根部位置不正确，如果它们向手掌内侧靠得太近，则增加此值","Increase this value if the detected fingers roots position are wrong, if they go too much inward the palm"
"要选择的标记","Marker to select"
"颈骨数量","Number of neck bones"
"捻度数","Twist Count"
"手臂和腿部的扭转骨骼数量","Number of twist bones for the arms and legs"
"连根拔起","Root Up"
"将脊椎根骨设置为垂直对齐","Set the spine root bone vertically aligned"
"脊柱形状","Spine Shape"
"脊柱的形状","Shape of the spine"
"对齐锁骨","Align Clavicles"
"如何调整肩膀/锁骨","How to align shoulders/clavicles"
"覆盖现有装备","Overwrite Existing Rig"
"如果启用，则覆盖现有装备的骨骼数据（如果有）。\n如果禁用，则始终会生成新的装备","If enabled, overwrite bones data of the existing rig (if any).\nIf disabled, a new rig will always be generated"
"预设设置","Preset settings"
"将自定义属性固定到此面板（即使未选择骨骼也始终显示）","Pin the custom property to this panel (always on display even if the bone is not selected)"
"房产钉","Property Pin"
"arp_pinned_props","arp_pinned_props"
"固定的自定义属性","Pinned custom properties"
"添加默认主图层和次要图层集","Add default Main and Secondary layer sets"
"显示所有图层集","Show All Layers Set"
"主要的","Main"
"设置所有图层可见性","Set all layers visibility"
"层套特价","Layers Set Specials"
"编辑图层...","Edit Layer..."
"显示所有","Show All"
"全部藏起来","Hide All"
"设置渲染可见性","Set Render Visibility"
"显示独家切换","Show Exclusive Toggle"
"显示选择切换","Show Select Toggle"
"动画图层","Animated Layers"
"图层集导入","Layers Set Import"
"从文件...","From File..."
"添加默认图层","Add Default Layers"
"图层集导出","Layers Set Export"
"归档...","To File..."
"作为新预设...","As New Preset..."
" 导入选定的预设文件"," Import the selected preset file"
"导入预设","Import Preset"
" 导出选定的预设文件"," Export the selected preset file"
"从集合中移除所有骨骼","Removes all bones from the set"
"从集合中移除骨骼","Removes Bones From Set"
"在图层集中添加选定的骨骼","Add selected bones in layer set"
"在集合中添加骨骼","Add Bones In Set"
"清除集合中的所有对象","Clear all objects in set"
"清除集合中的对象","Clear Objects In Set"
"在图层集中添加对象","Add object in layer set"
"在集合中添加对象","Add Object In Set"
"从图层集中删除选定的骨骼集合","Delete the selected bone collection from the layer set"
"在图层集中添加骨骼集合","Add bone collection in layer set"
"在集合中添加集合","Add Collection In Set"
"本套骨骼","Collection of bones in this set"
"SOLO_ON","SOLO_ON"
"移动图层集","Move Layer Set"
"编辑图层集","Edit a layer set"
"编辑图层集","Edit Layer Set"
"添加图层集","Add a layer set"
"添加图层","Add Layer"
"移除图层集","Remove a layer set"
"移除图层","Remove Layer"
"对该骨骼的所有子项约束的影响进行关键帧设置","Keyframe the influence of all Child Of constraints of this bone"
"关键帧器子项","Child Of Keyframer"
"切换并捕捉到选定的子约束（父空间）","Switch and snap to the selected Child Of constraint (parent space)"
"切换并捕捉 Child Of 约束","Switch and snap Child Of constraints"
"如果启用，则每帧插入一个关键帧，否则只有给定帧范围内的现有关键帧才会成为关键帧（不太准确）","Insert one keyframe per frame if enabled, otherwise only existing keyframes within the given frame range will be keyframed (less accurate)"
"活跃家长：           ","Active Parent:           "
"对齐至","Snap To"
"将骨骼转换为欧拉或四元数旋转","Convert bones to euler or quaternion rotation"
"转换旋转模式","Convert Rotation Mode"
"如果启用，则每帧插入一个关键帧，否则只会在给定帧范围内的现有关键帧上设置关键帧","Insert one keyframe per frame if enabled, otherwise only existing keyframes within the given frame range will be keyframed"
"如果启用，则对旋转模式进行关键帧处理。在同一动作中混合多种旋转模式时很有用","Keyframe the rotation mode if enabled. Useful when mixing multiple rotation modes in the same action"
"密钥轮换模式","Key Rotation Mode"
"如果启用，则仅转换选定骨骼的旋转，否则所有动画骨骼","Only convert selected bones rotation if enabled, otherwise all animated bones"
"欧拉阶数","Euler order"
"欧拉阶数","Euler Order"
"到","To "
"切换并弹开所有手指 IK Root-Tip","Switch and snap all fingers IK Root-Tip"
"切换快照根提示","switch_snap_root_tip_all"
"骨侧","bone side"
"将所有手指设置为 IK 或 FK","Set all fingers to IK or FK"
"切换所有手指","switch_all_fingers"
"启用或禁用所有手指 IK 目标的子约束","Enable or disable the Child Of constraints of all fingers IK target"
"释放锁","free_lock_ik_fingers"
"切换头部锁定并快速旋转头部","Switch the Head Lock and snap the head rotation"
"snap_head","snap_head"
"在指定的帧范围内捕捉并烘焙头部锁定","Snaps and bake Head Lock over a specified frame range"
"桢開始","Frame start"
"桢結尾","Frame end"
"将角色控制器重置为静止位置","Reset character controllers to rest position"
"重置姿势","reset_pose"
"在此活动视图中显示选定角色的骨骼选择器","Display the bone picker of the selected character in this active view"
"设置_picker_camera_func","set_picker_camera_func"
"切换多肢体可见性","Toggle multi-limb visibility"
"切换多重","toggle_multi"
"肢","Limb"
"ID","Id"
"钥匙","key"
"切换并折断固定骨","Switch and snap the pinning bone"
"Arp 开关和 Snap Pin","Arp Switch and Snap Pin"
"在指定的帧范围内捕捉并烘焙 Arm Lock","Snaps and bake Arm Lock over a specified frame range"
"手臂或腿","arm or leg"
"切换并捕捉手臂/腿锁定值","Switch and snap the arm/leg lock value"
"Arp 开关和弹簧臂/腿锁","Arp Switch and Snap Arm/Leg Lock"
"在指定的帧范围内捕捉并烘焙 IK 极点父级","Snaps and bake IK Pole Parent over a specified frame range"
"捕捉并烘焙 IK Pole Parent","Snaps and bake IK Pole Parent"
"切换并捕捉 IK 极父级","Switch and snap the IK pole parent"
"Arp Snap FK 手臂到 IK","Arp Snap FK arm to IK"
"在指定的帧范围内捕捉并烘焙 FK 到 IK 臂","Snaps and bake an FK to an IK arm over a specified frame range"
"在指定的帧范围内将 FK 臂捕捉到 IK 臂","Snap an FK to IK arm over a specified frame range"
"将 FK 臂捕捉到 IK 臂","Snaps an FK arm to an IK arm"
"在指定的帧范围内捕捉并将 IK 烘焙到 FK 臂","Snaps and bake an IK to an FK arm over a specified frame range"
"在指定的帧范围内将 IK 臂捕捉到 FK 臂","Snap an IK to FK arm over a specified frame range"
"将 IK 臂捕捉到 FK 臂","Snaps an IK arm to an FK arm"
"Arp Snap IK 手臂到 FK","Arp Snap IK arm to FK"
"切换并弹指 IK Root-Tip","Switch and snap fingers IK Root-Tip"
"switch_snap_root_tip","switch_snap_root_tip"
"切换并捕捉 IK-FK","Switch and snap the IK-FK"
"Arp Switch 和 Snap IK FK","Arp Switch and Snap IK FK"
"类型","type"
"在指定的帧范围内捕捉并烘焙 FK 腿到 IK 腿","Snaps and bake an FK leg to an IK leg over a specified frame range"
"在指定的帧范围内捕捉 FK 到 IK 腿","Snap an FK to IK leg over a specified frame range"
"将 FK 腿与 IK 腿对齐","Snaps an FK leg to an IK leg"
"Arp Snap FK 腿到 IK","Arp Snap FK leg to IK"
"在指定的帧范围内捕捉并烘焙 IK 腿到 FK 腿","Snaps and bake an IK leg to an FK leg over a specified frame range"
"在指定的帧范围内将 IK 腿捕捉到 FK 腿","Snap an IK to FK leg over a specified frame range"
"将 IK 腿与 FK 腿对齐","Snaps an IK leg to an FK leg"
"Arp Snap IK 腿到 FK","Arp Snap IK leg to FK"
"适用于所有脚趾","Apply to all toes"
"Arp 脚趾套装全部","Arp Toes Set All"
"骨头收藏：","Bones Collections:"
"此集合中没有骨骼集合","No bones collections in this set"
"层数：","Layers:"
"骨头：","Bones:"
"添加选定骨骼（","Add Selected Bones ("
"对象集合：","Objects Collection:"
"对象：","Objects:"
"移除所有对象","Remove All Objects"
"此集合中没有对象","No objects in this set"
"图层集","LayerSet"
"ik_pole_distance","ik_pole_distance"
"cam_ui","cam_ui"
"钻机主要性能","Rig Main Properties"
"骨骼属性","Bone Properties"
"固定道具：","Pinned Props:"
"设置","Settings"
"脊柱伸展","Spine Stretch"
"Snap IK-FK","Snap IK-FK"
"IK-FK 开关","IK-FK Switch"
"捕捉 IK > FK（腿部）","Snap IK > FK (Leg)"
"捕捉 FK > IK（腿部）","Snap FK > IK (Leg)"
"烘焙 IK > FK（腿部）...","Bake IK > FK (Leg)..."
"烘焙 FK > IK（腿部）...","Bake FK > IK (Leg)..."
"大腿锁","Snap Thigh Lock"
"腿锁","Leg Lock"
"烘烤大腿锁...","Bake Thigh Lock..."
"拉伸长度 (FK)","Stretch Length (FK)"
"拉伸长度 (IK)","Stretch Length (IK)"
"自动拉伸","Auto Stretch"
"3 骨骼 IK","3 Bones IK"
"IK 小腿锁","IK Calf Lock"
"IK 小腿僵硬程度","IK Calf Stiffness"
"IK 大腿B 僵硬程度","IK ThighB Stiffness"
"大腿扭动","Thigh Twist"
"定影辊","Fix Roll"
"Snap Pole 家长","Snap Pole Parent"
"极地父母","Pole Parent"
"烘烤杆父母……","Bake Pole Parent..."
"锁定","Snap Pinning"
"膝关节固定","Knee Pinning"
"脚趾","Toes "
"全部","All"
"伊卡爾","IK-FK"
"反转 IK 方向","Invert IK Dir"
"抵消","Offset"
"展示杆","Show Pole"
"全部捕捉到 IK","Snap All to IK"
"自由港","FK"
"捕捉 IK > FK（手臂）","Snap IK > FK (Arm)"
"捕捉 FK > IK（手臂）","Snap FK > IK (Arm)"
"烘焙 IK > FK（手臂）...","Bake IK > FK (Arm)..."
"烘焙 FK > IK（手臂）...","Bake FK > IK (Arm)..."
"弹簧臂锁","Snap Arm Lock"
"臂锁","Arm Lock"
"烘烤臂锁...","Bake Arm Lock..."
"手臂扭动","Arm Twist"
"肘部固定","Elbow Pinning"
"眼睛目标","Eye Target"
"自动眼睑","Auto-Eyelid"
"根尖折断","Snap Root-Tip"
"IK 根尖","IK Root-Tip"
"全部对齐到根","Snap All to Root"
"提示","Tip"
"切换所有 IK 父级","Toggle All IK Parents"
"弯曲所有指骨","Bend All Phalanges"
"手指抓握","Fingers Grasp"
"左肘部固定","Left Elbow Pinning"
"肘部固定","Elbow pinning"
"右肘固定","Right Elbow Pinning"
"左膝固定","Left Knee Pinning"
"膝盖固定","Knee pinning"
"右膝固定","Right Knee Pinning"
"弹簧头锁","Snap Head Lock"
"烘焙头锁……","Bake Head Lock..."
"颈部整体扭转","Neck Global Twist"
"颈部扭动","Neck Twist"
"嘴唇保留","Lips Retain"
"嘴唇伸展","Lips Stretch"
"嘴唇跟随","Lips Follow"
"Y 比例：","Y Scale:"
"XZ比例：","XZ Scale:"
"体积变化","Volume Variation"
"全球扭曲","Global Twist"
"苏格兰短裙","Kilt"
"碰撞","Collide"
"碰撞距离","Collide Distance"
"碰撞衰减","Collide Falloff"
"碰撞扩散","Collide Spread"
"Snap Child Of...","Snap Child Of..."
"多肢体显示：","Multi-Limb Display:"
"禁止多肢","No Multiple Limbs"
"重置所有姿势","Reset All Pose"
"选择器","Picker"
"旋转模式转换器","Rotation Mode Convertor"
"到四元数","To Quaternions"
"至 Euler","To Euler"
"图层设置","Layers Set"
"骨骼图层列表设置","List of bones layers set"
"图层集合列表的索引","Index of the layers set list"
"显示 IK-FK 操作符","Show IK-FK operators"
"显示 IK-FK 高级设置...","Show IK-FK advanced settings..."
"手臂/腿锁高级操作器","Arm/Leg Lock Advanced Operators"
"显示手臂/腿锁高级设置...","Show Arm/Leg Lock advanceds settings..."
"头锁高级操作员","Head Lock Advanced Operators"
"显示 Head Lock 高级设置...","Show Head Lock advanced settings..."
"Snap Pole 高级操作员","Snap Pole Advanced Operators"
"显示 Snap Pole 高级设置...","Show Snap Pole advanced settings..."
"设置对象渲染的可见性（不仅仅是视口）","Set objects visibility for rendering as well (not only viewport)"
"显示装备层的独有可见性切换","Show the exclusive visibility toggle of rig layers"
"显示装备层的选择切换","Show the select toggle of rig layers"
"更新每帧动画装备层的可见性","Update animated rig layers visibility on each frame"
"写入 FBX 文件","Write a FBX file"
"导出 ARP FBX","Export ARP FBX"
"用户界面标签","ui_tab"
"导出选项类别","Export options categories"
"选定对象","Selected Objects"
"仅导出选定的可见对象","Export selected and visible objects only"
"主动收集","Active Collection"
"仅导出活动集合（及其子集合）中的对象","Export only objects from the active collection (and its children)"
"缩放所有数据（某些导入器不支持缩放骨架！）","Scale all data (Some importers do not support scaled armatures!)"
"申请单位","Apply Unit"
"考虑当前 Blender 单位设置（如果未设置，则按原样使用原始 Blender 单位值）","Take into account current Blender units settings (if unset, raw Blender Units values are used as-is)"
"应用缩放","Apply Scalings"
"如何在生成的 FBX 文件中应用自定义和单位缩放","How to apply custom and units scalings in generated FBX file "
"使用空间变换","Use Space Transform"
"将全局空间变换应用于对象旋转。禁用时","Apply global space transform to the object rotations. When disabled "
"!实验！应用变换","!EXPERIMENTAL! Apply Transform"
"将空间变换烘焙到对象数据中，避免在以下情况下对对象进行不必要的旋转：","Bake space transform into object data, avoids getting unwanted rotations to objects when "
"对象类型","Object Types"
"导出哪种对象","Which kind of object to export"
"将修改器应用于网格对象（骨架对象除外） -","Apply modifiers to mesh objects (except Armature ones) - "
"使用修改器渲染设置","Use Modifiers Render Setting"
"将修改器应用于网格对象时使用渲染设置","Use render settings when applying modifiers to mesh objects"
"导出平滑信息","Export smoothing information "
"导出细分曲面","Export Subdivision Surface"
"将最后一个 Catmull-Rom 细分修改器导出为 FBX 细分","Export the last Catmull-Rom subdivision modifier as FBX subdivision "
"边缘松散","Loose Edges"
"导出松散边（作为双顶点多边形）","Export loose edges (as two-vertices polygons)"
"添加副法线和切向量，它们与法线一起形成切线空间","Add binormal and tangent vectors, together with normal they form the tangent space "
"三角化面","Triangulate Faces"
"将所有面转换为三角形","Convert all faces to triangles"
"自定义属性","Custom Properties"
"导出自定义属性","Export custom properties"
"添加叶骨","Add Leaf Bones"
"将最后一个骨骼附加到每条链的末尾以指定最后一个骨骼的长度","Append a final bone to the end of each chain to specify last bone length "
"仅变形骨骼","Only Deform Bones"
"仅写入变形骨骼（以及具有变形子骨骼时的非变形骨骼）","Only write deforming bones (and non-deforming ones when they have deforming children)"
"骨架 FBXNode 类型","Armature FBXNode Type"
"用于表示 Blender 的 FBX 类型的节点（对象）","FBX type of node (object) used to represent Blender"
"烘焙动画","Baked Animation"
"导出烘焙的关键帧动画","Export baked keyframe animation"
"为所有骨骼设置关键帧","Key All Bones"
"强制为所有骨骼导出至少一个动画关键点","Force exporting at least one key of animation for all bones "
"NLA 条带","NLA Strips"
"将每个非静音的 NLA 条带导出为单独的 FBX","Export each non-muted NLA strip as a separated FBX"
"所有操作","All Actions"
"将每个动作导出为单独的 FBX","Export each action as a separated FBX"
"评估动画值的频率（以帧为单位）","How often to evaluate animated values (in frames)"
"简化","Simplify"
"简化烘焙值的程度（0.0 为禁用，值越高越简化）","How much to simplify baked values (0.0 to disable, the higher the more simplified)"
"在 FBX 二进制文件中嵌入纹理（仅适用于 \","Embed textures in FBX binary file (only for \"
"批处理模式","Batch Mode"
"批量自订目录","Batch Own Dir"
"为每个导出的文件创建一个目录","Create a dir for each exported file"
"使用元数据","Use Metadata"
"仅限人形动作","Humanoid Actions Only"
"sk 数据","sk data"
"网格名称","mesh names"
"颜色_RGB","color_srgb"
"当没有顶点时创建后备数组","Create fallback arrays for when there are no verts"
"Blender（稳定的 FBX IO）","Blender (stable FBX IO)"
"_","_"
"FBX_Temp","FBX_Temp"
"返回指定单位之间的转换器。","Return a convertor between specified units."
"返回指定单位之间的可迭代转换器。","Return an iterable convertor between specified units."
"将矩阵的列连接成一个单一的平面元组","Concatenate matrix's columns into a single, flat tuple"
"将单个 16 镜头元组转换为有效的 4D Blender 矩阵","Convert a single 16-len tuple into a valid 4D Blender matrix"
"将 array.array 转换为共享相同内存的 np.ndarray","Convert an array.array into an np.ndarray that shares the same memory"
"如果 v1 和 v2 几乎相同，则返回 True。","Return True if v1 and v2 are nearly the same."
"如果可迭代对象 v1 和 v2 几乎相同，则返回 True。","Return True if iterables v1 and v2 are nearly the same."
"使用 foreach_set 设置属性的每个值。","Set every value of an attribute with foreach_set."
"从属性创建 NumPy ndarray。","Create a NumPy ndarray from an attribute."
"辅助类用于减少处理内置 Blender 属性的重复代码。","Helper class to reduce duplicate code for handling built-in Blender attributes."
"检查所提供的属性中是否需要存在该属性。","Check if the attribute is required to exist in the provided attributes."
"获取属性，如果不存在则创建属性，然后设置属性中的每个值。","Get the attribute, creating it if it does not exist, and then set every value in the attribute."
"获取属性，如果存在，则返回包含其数据的 NumPy ndarray，否则返回 None。","Get the attribute and if it exists, return a NumPy ndarray containing its data, otherwise return None."
"返回骨骼的键（模型和NodeAttribute）。","Return bone's keys (Model and NodeAttribute)."
"返回主形状变形器的关键。","Return main shape deformer's key."
"返回形状通道和几何形状键。","Return shape channel and geometry shape keys."
"返回对象的绑定姿势键。","Return object's bindpose key."
"返回骨架的皮肤钥匙。","Return armature's skin key."
"返回骨骼的聚类键。","Return bone's cluster key."
"返回单个动画堆栈键。","Return single anim stack key."
"返回ID的动画图层键。","Return ID's anim layer key."
"返回（stack/layer，ID，fbxprop）曲线节点键。","Return (stack/layer, ID, fbxprop) curve node key."
"返回（stack/layer，ID，fbxprop，item）曲线键。","Return (stack/layer, ID, fbxprop, item) curve key."
,
,
"通用 fbx_layer 到 blen_data 设置器，生成器预计会产生元组 (ble_idx、fbx_idx)。","Generic fbx_layer to blen_data setter, generator is expected to yield tuples (ble_idx, fbx_idx)."
"基础","Basis"
"‘+d+’","' + d + '"
"动作烘焙","Action Bake"
"身体.l","body.l"
"body.r","body.r"
"身体.x","body.x"
"ARP_VWM","ARP_VWM"
"颜色_","color_"